feature,F,p,q_fdr,eta2
H3K4me_TTS_bin04,835.0774854768732,1.1996010617951334e-166,4.090639620721405e-164,0.17547045368041447
H3K4me_TTS_bin03,800.8199587233505,1.747188892009848e-160,2.978957060876791e-158,0.16949216387490296
H3K4me_TTS_bin02,777.6544496463275,2.726661938410376e-156,3.0993057366597934e-154,0.16540017093447285
H2A.Z_TTS_bin03,774.7043526285947,9.356969391308422e-156,7.97681640609043e-154,0.16487616468041918
H3K4me_TTS_bin05,768.9067129022011,1.058072144083983e-154,7.216052022652764e-153,0.16384444864165887
H2A.Z_TTS_bin04,764.3467156016397,7.144116595260653e-154,4.060239598306471e-152,0.16303118390499702
H2A.Z_TTS_bin02,748.0955788090879,6.554660933939237e-151,3.1930562549618283e-149,0.16011992181884613
H2B.Z_TTS_bin04,728.1540811363009,2.9250918126428793e-147,1.2468203851390274e-145,0.15651976878600013
H2B.Z_TTS_bin03,697.4129732834813,1.3281551776531776e-141,5.032232395330373e-140,0.15090903524857988
H2A.Z_TTS_bin01,691.153093990884,1.9048978608423274e-140,6.495701705472336e-139,0.1497573493045752
H3K4me_TTS_bin01,690.7720242214698,2.2404340942641985e-140,6.945345692219016e-139,0.1496871396020924
H2B.Z_TTS_bin05,684.5284015444012,3.203513071563132e-139,9.1033163116919e-138,0.14853513787937234
H2A.Z_TTS_bin05,681.1016432834043,1.381566237431417e-138,3.6239545151085626e-137,0.1479015439923675
H2B.Z_TTS_bin02,618.8129119867427,5.78320778065542e-127,1.4086241808596418e-125,0.1362180050060905
H3K4me1_TTS_bin02,612.0127183009374,1.0982184392505936e-125,2.4966165852296826e-124,0.13492306047373254
H3K4me1_TTS_bin01,608.2951578686301,5.501182248225054e-125,1.1724394666529646e-123,0.1342134915491004
MNase_TTS_bin03,600.823758253851,1.407921103236431e-123,2.8241240953154293e-122,0.13278390283331418
H2B.Z_TTS_bin06,591.5732617441076,7.857225819642951e-122,1.4885077802768035e-120,0.13100734446186718
H3K36me3_TTS_bin03,582.9135374115789,3.4174100662135126e-120,6.133351750414778e-119,0.12933763485206753
MNase_TTS_bin01,582.473501420356,4.140353611050457e-120,7.059302906841028e-119,0.1292526187576097
H3K4me1_TTS_bin03,559.6468032964168,8.946123296639158e-116,1.4526800210256919e-114,0.1248195560107365
H3K4me_TTS_bin06,556.9635584556872,2.901545620843543e-115,4.497395712307492e-114,0.12429548939416911
H2A.Z_TTS_bin06,547.0303057009884,2.275168746199349e-113,3.3731849671912093e-112,0.12234994359207824
H3K36me3_TTS_bin04,539.947315119862,5.133702379701425e-112,7.29413546449244e-111,0.1209573673262234
H3K4me2_TTS_bin04,530.820373277853,2.868295651108642e-110,3.912355268112187e-109,0.11915640335623134
H3K36me3_TTS_bin02,530.237542623054,3.709540236306377e-110,4.865204694540287e-109,0.11904114622292966
H3K4me2_TTS_bin05,528.2883323248152,8.76966488386843e-110,1.1075761945922722e-108,0.11865546274020466
H3K36me3_TTS_bin01,525.5461398364262,2.94402666886924e-109,3.585403907444324e-108,0.1181123025405342
H2B.Z_TTS_bin01,524.6959633169715,4.28621943324526e-109,5.0400028508159786e-108,0.11794376771159594
MNase_TTS_bin02,516.977011562694,1.3021025065768055e-107,1.4800565158089688e-106,0.11641064797603616
MNase_TTS_bin04,515.3423403522244,2.685039928646204e-107,2.9535439215108244e-106,0.11608528940602858
H3K4me1_TTS_bin04,465.9346672954379,9.655515319904841e-98,1.0289158512773597e-96,0.10613703906953405
H3K18me_TTS_bin01,461.81821454019456,6.107568209211322e-97,6.311153816185033e-96,0.10529807482880617
H3K18me_TTS_bin02,451.3498236535785,6.707463565432875e-95,6.727191399448854e-94,0.10315742554196149
H3K4me2_TTS_bin03,439.33667191812117,1.4946337492604286e-92,1.4562003099937318e-91,0.10068823585070479
H3K18me_TTS_bin03,438.8376107266429,1.871627498002444e-92,1.7728471578300927e-91,0.10058536436187757
H3K36me3_TTS_bin05,429.7409086525996,1.1344462135614425e-90,1.0455301589850052e-89,0.09870612828580014
H3K18me_TTS_bin04,426.97856254613987,3.952208867290675e-90,3.546587430910843e-89,0.09813391548780169
H2A.Z_TTS_bin07,412.3661710020444,2.951950218130288e-87,2.5810641650831494e-86,0.09509486854675721
H2B.Z_TTS_bin07,411.38336657945183,4.6101613450541445e-87,3.930162546658658e-86,0.09488973218625107
H3K4me2_TTS_bin06,405.1389045918476,7.850430145325386e-86,6.529260194038918e-85,0.0935841777130605
H3K27me_TTS_bin02,388.6057975661873,1.4569171845779972e-82,1.1828779998597549e-81,0.09010927866059457
H3K4me2_TTS_bin02,376.7598878456741,3.2603446953384657e-80,2.5855291653730624e-79,0.08760309751549503
H3K27me_TTS_bin01,376.0585568077256,4.493582778294315e-80,3.482526653178094e-79,0.0874542873869382
H3K18me_TTS_bin05,369.7109230397329,8.216843084379279e-79,6.226541092829632e-78,0.08610521985909475
H3K27me_TTS_bin03,365.5921592479322,5.428453132217208e-78,4.024135908882757e-77,0.08522771994996119
MNase_TTS_bin05,359.6440865191978,8.32269777800926e-77,6.03838285595991e-76,0.08395750890019371
H3K4me1_TTS_bin05,356.71002376660573,3.204178047435833e-76,2.2763014878658725e-75,0.08332963965934226
H3K27me_TTS_bin04,349.06265712345237,1.0804293016554207e-74,7.518905956418334e-74,0.08168910337449507
H3R17me2_TTS_bin02,324.44696595977166,9.351989145502922e-70,6.378056597232993e-69,0.07636836909095684
H3R17me2_TTS_bin01,323.978241672962,1.1620009894235297e-69,7.769457595949483e-69,0.07626645506201346
H3K4me2_TTS_bin01,305.0821730504576,7.515395037591169e-66,4.928364822728055e-65,0.07213909793348855
H2A.Z_TTS_bin08,302.25922104805363,2.7975479405129564e-65,1.799931788141355e-64,0.07151932837974323
H3K4me_TTS_bin07,299.5177430855612,1.003483323059333e-64,6.336811354874677e-64,0.07091665320357894
H3K18me_TTS_bin06,296.92793840036956,3.3565889022156434e-64,2.081085119373699e-63,0.07034660215329287
H3R17me2_TTS_bin03,289.09535198800796,1.299891301604112e-62,7.915409532982183e-62,0.0686182789220743
H3K27me_TTS_bin05,275.19550940615846,8.702888837126919e-60,5.206465076246105e-59,0.06553529331742784
H3_TTS_bin01,269.9601702016703,1.015155240381532e-58,5.968412706381076e-58,0.0643687968521382
H3_TTS_bin02,267.97629880466354,2.5773753484927662e-58,1.4896355827729377e-57,0.06392600523077303
H2A.Zac_TTS_bin04,266.94727247380285,4.1797018379088585e-58,2.375463877878201e-57,0.06369616583513614
H2A.Zac_TTS_bin03,262.44313239313004,3.4740400028227733e-57,1.9420453130533862e-56,0.06268880863624857
H3_TTS_bin03,258.26542297830935,2.4820409377994766e-56,1.365122515789712e-55,0.06175251851767724
H3K36me3_TTS_bin06,253.0233642228654,2.93515424041665e-55,1.5887104698128216e-54,0.060575041640912715
H3R17me2_TTS_bin04,251.86724634351063,5.0632664299042474e-55,2.6977716446833567e-54,0.06031495530995425
H2B.Z_TTS_bin08,249.7620625473576,1.3671014604434167e-54,7.172024584787771e-54,0.05984099208446999
H2A.Zac_TTS_bin02,248.27713070030873,2.755594423562443e-54,1.4237237855072622e-53,0.05950638534373575
H2A.Z_TTS_bin09,231.13166114994235,9.193708756536256e-51,4.679186098475916e-50,0.05562559264030061
H2A.Zac_TTS_bin01,222.9491896638963,4.471382741320822e-49,2.2422669335152946e-48,0.05376221879438217
H3K4me_TTS_bin19,215.30881581615748,1.6938845240027742e-47,8.371226415723855e-47,0.05201564449443101
H3K4me_TTS_bin20,209.57942097898686,2.597832848049846e-46,1.265515715978568e-45,0.050701679981112004
H3K4me2_TTS_bin07,200.86937348352146,1.6620525303233103e-44,7.982533983665476e-44,0.048697147787224074
H2A.Zac_TTS_bin05,198.60122409234123,4.916249778154216e-44,2.3283905199313714e-43,0.04817376537214475
H3K4me1_TTS_bin06,195.99995380468016,1.7066660458109315e-43,7.972234542760652e-43,0.04757280485493229
H3_TTS_bin04,190.20868201426734,2.734423958244026e-42,1.2600521212989362e-41,0.04623214248849025
H3K4me_TTS_bin17,189.0422284957273,4.7834637073112575e-42,2.174881498924185e-41,0.04596165514324566
H3K4me_TTS_bin18,186.80181349747497,1.4010455466933844e-41,6.286270150295317e-41,0.045441697744738455
H3K18me_TTS_bin07,182.01763111507688,1.39320529683998e-40,6.169909171719911e-40,0.044329481134167965
MNase_TTS_bin06,181.6048728517954,1.6987966375163564e-40,7.426790428116378e-40,0.04423340250121311
H3R17me2_TTS_bin05,179.16614477755482,5.485365282686494e-40,2.3677336220203726e-39,0.04366533999740532
H3K18me_TTS_bin19,175.76239863762402,2.82019046541379e-39,1.202106185882628e-38,0.04287136217845963
MNase_TTS_bin20,174.69510061693796,4.713935621253281e-39,1.9845086998115665e-38,0.042622126391065954
H3K27me_TTS_bin06,172.44087992908624,1.3957773066058066e-38,5.80439099454366e-38,0.04209529320293067
H3K18me_TTS_bin20,172.38894850282003,1.4311336172976577e-38,5.879717632512064e-38,0.04208314949336684
MNase_TTS_bin17,172.2936193288813,1.4983851000353216e-38,6.082729989429103e-38,0.042060856798910105
H2B.Z_TTS_bin09,171.267243860116,2.456851189151803e-38,9.856308888244291e-38,0.04182077350797818
MNase_TTS_bin18,171.05757685251552,2.7180434733828853e-38,1.0777358423529813e-37,0.04177171471762097
H3K36me3_TTS_bin20,168.47558137112642,9.4364073942219e-38,3.698637840723756e-37,0.04116715616777877
MNase_TTS_bin16,167.8390394233432,1.2827108698597145e-37,4.970504620706394e-37,0.041017996506283995
MNase_TTS_bin19,161.1684347150655,3.211435847753943e-36,1.2304490158248254e-35,0.03945209048064789
H3K18me_TTS_bin17,159.76191418363882,6.337644363592985e-36,2.4012630310946753e-35,0.039121260627059805
H2A.Z_TTS_bin10,156.44938498626902,3.1455198400777283e-35,1.178705786226929e-34,0.038341214465718816
H3K36me3_TTS_bin19,155.26066734118243,5.591531831442079e-35,2.072513428827988e-34,0.0380609821245818
H3K18me_TTS_bin16,154.5592656430857,7.852129181399374e-35,2.8791140331797707e-34,0.03789555467418605
H2A.Zac_TTS_bin06,154.29434879354866,8.926659164999102e-35,3.2382880587922276e-34,0.03783305852830176
ATAC_TTS_bin01,150.9257360422452,4.563977841412216e-34,1.6382278357069114e-33,0.0370376654247523
H3K4me_TTS_bin16,150.75570888996813,4.955988577029936e-34,1.760408442465842e-33,0.036997483937763836
H3K18me_TTS_bin15,146.59962204720006,3.719091528820382e-33,1.3074332075543815e-32,0.03601425727383909
H3K18me_TTS_bin18,145.78018112888904,5.5353167607774383e-33,1.9260643014541902e-32,0.035820160952391294
H3K4me2_TTS_bin19,144.88935292633883,8.529831632304798e-33,2.9380531177938747e-32,0.03560906683838296
H3K36me3_TTS_bin18,143.1477113243017,1.987201643634402e-32,6.776357604793311e-32,0.03519609354873699
H3K36me3_TTS_bin17,140.34856608819945,7.743862568970869e-32,2.6145120158604616e-31,0.03453162636178133
H3K18ac_TTS_bin04,137.38171162262645,3.27792246992463e-31,1.0958544727885282e-30,0.03382634811928054
H2A.Zac_TTS_bin07,137.26623746188775,3.4673651624047305e-31,1.1479335149320515e-30,0.03379887686153594
H3K18ac_TTS_bin02,136.69698906486659,4.57404051116978e-31,1.4997575137585527e-30,0.03366343005473707
H3K4me_TTS_bin15,133.99835126749485,1.7017151133491845e-30,5.526522415734018e-30,0.03302079982995585
H3K18ac_TTS_bin03,133.2238284535734,2.4816093035401853e-30,7.983290306671728e-30,0.032836203790204035
H3K36me3_TTS_bin16,132.6969653851022,3.207824142892384e-30,1.0223065726414045e-29,0.03271059349943465
H2A.Zac_TTS_bin08,130.61159479098995,8.863818409526067e-30,2.798668590415175e-29,0.032213096553758265
H3K18ac_TTS_bin01,127.85409454764833,3.4019635167701455e-29,1.0642839992831374e-28,0.03155446656376259
ATAC_TTS_bin05,126.19513013747031,7.645001842894549e-29,2.3699505712973103e-28,0.031157790200885216
H3K4me2_TTS_bin17,125.45699443197542,1.0962171226341096e-28,3.367658007371454e-28,0.030981189479102854
H3K4me1_TTS_bin20,123.60721264834554,2.705781053173253e-28,8.238136956536421e-28,0.030538341828744157
H3K4me2_TTS_bin20,123.48615132506315,2.870657249144395e-28,8.662779840338396e-28,0.030509344988033205
ATAC_TTS_bin06,122.21822867492679,5.33441850258077e-28,1.595646236298283e-27,0.030205545466822567
H3K18me_TTS_bin14,119.96923783272514,1.6020570983226891e-27,4.750447569809018e-27,0.029666209305049006
H3_TTS_bin05,119.90798666572533,1.650782528961547e-27,4.852731399792134e-27,0.029651512116770886
ATAC_TTS_bin02,118.49464455112498,3.296115525394301e-27,9.606627300508177e-27,0.029312257645373454
H3K4me2_TTS_bin18,115.4637805068047,1.4536686863691184e-26,4.2008561190836386e-26,0.02858393756715853
H3K18ac_TTS_bin05,108.3246114167273,4.819191656283125e-25,1.3809616426828113e-24,0.026864060276801036
ATAC_TTS_bin07,107.16354278027173,8.523055364692752e-25,2.4219682328001903e-24,0.026583774546234753
H3K4me1_TTS_bin19,105.31325803166385,2.1154494982764213e-24,5.96172131332446e-24,0.026136775993214734
H3K4me_TTS_bin14,102.43045786064536,8.729960950548079e-24,2.4400956427351594e-23,0.025439519925316057
H2A.Z_TTS_bin11,101.8852223103504,1.1415960850438365e-23,3.164912723576815e-23,0.025307532799427677
H2A.Zac_TTS_bin09,101.48132853018359,1.3925992538875044e-23,3.829647948190637e-23,0.025209737730229952
H3K36me3_TTS_bin15,96.27898293071705,1.805763187468825e-22,4.926121975414954e-22,0.02394833376974531
H3K4me2_TTS_bin16,95.53417594336358,2.6070397748860646e-22,7.055560025683715e-22,0.02376747447879136
H3R17me2_TTS_bin20,94.59636010448325,4.1402209691540106e-22,1.1116656303004076e-21,0.023539652064489436
H3R17me2_TTS_bin19,92.35361394312041,1.2522227547160638e-21,3.3359996824857638e-21,0.02299439312875908
ATAC_TTS_bin04,91.52748685193089,1.8829208620190372e-21,4.977333441461176e-21,0.02279339069440315
H3R17me2_TTS_bin06,90.73026382606817,2.7914816733048052e-21,7.322271158437989e-21,0.022599342387600786
H3K18me_TTS_bin13,89.98595346401925,4.0321127461627805e-21,1.0495804934668002e-20,0.02241810372713499
H2A.Z_TTS_bin20,88.09983173773752,1.0242619669683234e-20,2.6460100813348355e-20,0.021958534291899545
MNase_TTS_bin15,86.65906175969344,2.0887201705175808e-20,5.355290061251843e-20,0.021607187353808975
H3K36me3_TTS_bin07,84.79588409763132,5.2520489174321137e-20,1.3365288663017543e-19,0.02115245738352643
H3K4me1_TTS_bin18,84.2565326499079,6.859669610149386e-20,1.7327017311562523e-19,0.021020743548618343
H3K4me1_TTS_bin17,83.65972770292576,9.218484167155049e-20,2.311399338970494e-19,0.020874957802586965
H3K4me3_TTS_bin09,83.13093836584494,1.1978767928720176e-19,2.981576542842029e-19,0.020745750424553556
ATAC_TTS_bin03,81.81929762365375,2.294412617725355e-19,5.669526830756131e-19,0.02042510945818022
H3K27me_TTS_bin19,80.93334870117873,3.5596361238129642e-19,8.732632505181443e-19,0.02020841338780977
H3R17me2_TTS_bin18,79.56082407475681,7.031129937005478e-19,1.7125823632277628e-18,0.019872515385886188
H2A.Z_TTS_bin12,78.00374606532276,1.5226161543450553e-18,3.68235538036641e-18,0.019491172676191073
H3K4me_TTS_bin13,75.01474825512548,6.719604306548513e-18,1.6136514567134106e-17,0.01875830747757466
H3K4me3_TTS_bin10,73.68242908073205,1.303149548407096e-17,3.107510461586152e-17,0.018431286223422036
H3K18ac_TTS_bin06,72.78547125653313,2.035825406368694e-17,4.820947663692532e-17,0.0182110027620898
H2A.Z_TTS_bin19,72.42299536991365,2.4381347604250214e-17,5.733820367620222e-17,0.018121954421196115
H3K4me1_TTS_bin07,68.97823130640164,1.3550480077694137e-16,3.164872401708014e-16,0.017274882884556496
H3K4me2_TTS_bin15,68.79329950053442,1.4858549186673322e-16,3.4467790970446277e-16,0.017229366596347443
H3K27me_TTS_bin20,68.46282752848873,1.7518754773478975e-16,4.0364157957813045e-16,0.01714801877588682
H3K4me_TTS_bin08,67.46155668863506,2.885903335375663e-16,6.604651257470477e-16,0.016901467227108148
H3K27me_TTS_bin17,63.93428876761662,1.6778161522556985e-15,3.814235386127955e-15,0.016031931355462253
H2A.Z_TTS_bin13,63.07047209616217,2.583170041256639e-15,5.833516450784861e-15,0.01581875026728672
H3K4me1_TTS_bin16,62.87488585443106,2.848374530739098e-15,6.390103388039687e-15,0.015770468764272814
H3K18me_TTS_bin08,62.7199587509523,3.077659918762185e-15,6.859359688221602e-15,0.015732220823105564
H3_TTS_bin11,61.1086111047303,6.8877890327699904e-15,1.5251532858276408e-14,0.015334239808282185
H2A.Z_TTS_bin18,59.43271475437617,1.5931354983311033e-14,3.5048980963284274e-14,0.014919974557180605
H3K27me_TTS_bin18,59.12052404188553,1.862628303281876e-14,4.0715144321738447e-14,0.014842765536477606
H3K27ac_TTS_bin01,58.78366748179984,2.2048271338248723e-14,4.7888283607279077e-14,0.014759442738944206
H3R17me2_TTS_bin17,57.77276682599087,3.6582102536379706e-14,7.895251243611064e-14,0.014509307840799648
ATAC_TTS_bin08,56.71634940135359,6.211394509034866e-14,1.33212926262949e-13,0.014247774627268521
H3K27me_TTS_bin16,55.95978785401213,9.076712026805205e-14,1.9344742507128592e-13,0.014060390264441728
H3K4me2_TTS_bin14,55.933515997591876,9.197089343091025e-14,1.9479549478223847e-13,0.014053881998974001
H3K9ac_TTS_bin02,55.365570110594255,1.222828731433415e-13,2.5739789964123115e-13,0.013913165085020206
H3_TTS_bin10,54.7072985655502,1.7013941664972422e-13,3.5593583483163163e-13,0.01375001840051765
H3K9ac_TTS_bin12,54.69343652513387,1.7132710767887089e-13,3.562350226737498e-13,0.013746582238037769
MNase_TTS_bin14,54.507745649384034,1.8806089128018308e-13,3.8865917531237833e-13,0.013700550340511427
H3K9ac_TTS_bin03,53.24883277385928,3.538325497021154e-13,7.268487918579599e-13,0.013388358388610511
H3K9ac_TTS_bin01,52.75638072759219,4.5313554021057865e-13,9.25264785699445e-13,0.0132661837127523
H2A.Z_TTS_bin14,52.595562769022585,4.912672724263685e-13,9.971555946273313e-13,0.013226279096986848
H3K9ac_TTS_bin11,52.40138104969497,5.416163112543776e-13,1.0928471132410814e-12,0.013178091452091282
H3K36me3_TTS_bin14,51.92575129226065,6.878646261079649e-13,1.3797755147224473e-12,0.01306004048878017
H3K27me_TTS_bin15,51.477519642961134,8.617097166794582e-13,1.7183801952496798e-12,0.012948763862607463
H2A.Z_TTS_bin15,51.27723521567684,9.530058497634227e-13,1.889389504472832e-12,0.012899033748244934
H3K27ac_TTS_bin02,50.95238104325814,1.1221286610811817e-12,2.2118258579692655e-12,0.012818362626493973
H3K18ac_TTS_bin07,50.48870444821652,1.416877254114702e-12,2.776753699155824e-12,0.012703194851632096
H2A.Z_TTS_bin17,50.360860903281214,1.5110001765098225e-12,2.9442917725134256e-12,0.012671436405962223
ATAC_TTS_bin11,50.108703731430175,1.7153954373597524e-12,3.3235786598845202e-12,0.012608790414912743
H3K9ac_TTS_bin04,49.033886465551575,2.946610592624185e-12,5.6768034581064804e-12,0.012341673357629621
H2B.Z_TTS_bin11,48.78927672664692,3.3328618963976283e-12,6.384864644222423e-12,0.012280861965789059
H3K27me_TTS_bin07,48.70799939280289,3.4721140419949432e-12,6.614474236426121e-12,0.012260654294311968
H2B.Z_TTS_bin10,48.62160461409484,3.6265270265880408e-12,6.870253978147344e-12,0.012239173385560338
H3_TTS_bin20,48.25205196258678,4.368517747201461e-12,8.230190893898886e-12,0.012147278503826735
H3_TTS_bin06,47.93692571186345,5.120190824133567e-12,9.59332456609641e-12,0.012068904065809663
H3K27ac_TTS_bin16,47.609106426746266,6.039909778727648e-12,1.125469527074387e-11,0.011987359569124398
H3K27ac_TTS_bin15,47.377020000193504,6.7894185691755535e-12,1.2582563761352521e-11,0.011929620321011775
H2A.Z_TTS_bin16,45.64443863355897,1.62678642327831e-11,2.998563082907588e-11,0.011498369523813272
H2B.Z_TTS_bin12,44.802087548704286,2.488844234832928e-11,4.562881097193702e-11,0.011288566816990336
H2A.Zac_TTS_bin10,43.02831708639857,6.098440408131417e-11,1.1120685450121996e-10,0.010846485995845097
H3K18me_TTS_bin12,43.01347959024982,6.144360830716048e-11,1.1144824698266875e-10,0.010842786345836325
H3K27ac_TTS_bin14,42.770197585519526,6.948646267878953e-11,1.2536975541517053e-10,0.01078212133678748
H3K4me1_TTS_bin15,41.21624049628056,1.5253604071786796e-10,2.737620520252262e-10,0.010394449633123158
H3K27ac_TTS_bin03,41.01879855274864,1.685731158856363e-10,3.009603796701674e-10,0.010345171268222157
H3_TTS_bin09,40.714657923172894,1.966434522702931e-10,3.4924696470921844e-10,0.010269253007100477
H3_TTS_bin12,38.35477379227156,6.505208016368466e-10,1.1493657686951537e-09,0.009679792946849921
MNase_TTS_bin09,38.34120690492232,6.550149378073419e-10,1.1513406896510494e-09,0.00967640213268547
H3R17me2_TTS_bin07,37.90185941960052,8.186498818750896e-10,1.4315877421507975e-09,0.009566582102352467
H3K27ac_TTS_bin13,37.87371122007211,8.304323763314097e-10,1.444782858821483e-09,0.009559545301207688
H3K4me2_TTS_bin08,37.75921691058342,8.801351451664604e-10,1.5234826624454973e-09,0.009530921705036987
H3K9ac_TTS_bin13,37.53122200909651,9.881616244222515e-10,1.7018339087272107e-09,0.00947391801447484
H3K18ac_TTS_bin08,37.479414734237196,1.0145050216259136e-09,1.7384231777609875e-09,0.009460964152643858
H3K4me2_TTS_bin13,37.005517921198,1.2906179010316208e-09,2.2005035212589134e-09,0.009342455534022862
H3K27ac_TTS_bin17,36.47876997401159,1.6867576357220747e-09,2.8616137004041166e-09,0.00921069701233393
ATAC_TTS_bin12,35.7660347249827,2.423513114118955e-09,4.0911780787849685e-09,0.009032360601948229
H2B.Z_TTS_bin13,35.57919052695008,2.6651606555651877e-09,4.476944746540537e-09,0.008985598927297904
H3_TTS_bin19,33.84772200626463,6.435747355558576e-09,1.0757793373752325e-08,0.00855205262649846
H3K27ac_TTS_bin04,33.379662795355294,8.169845468497573e-09,1.3589840511013035e-08,0.008434789087630035
MNase_TTS_bin07,33.36959889700537,8.211873479474579e-09,1.3593441050974909e-08,0.008432267460261005
H3K4me3_TTS_bin08,33.28047603788338,8.593644336219944e-09,1.4156679800246382e-08,0.008409936126439164
ATAC_TTS_bin09,31.806499053959744,1.8232347846891607e-08,2.989053180668288e-08,0.00804045876904402
H2B.Z_TTS_bin20,31.408068265829698,2.2347767042846974e-08,3.646214622780296e-08,0.007940538049112069
H3K4me_TTS_bin12,29.60593877553392,5.617534782533188e-08,9.121806480208652e-08,0.007488338300276616
H2B.Z_TTS_bin19,29.574768677857694,5.707912379063896e-08,9.224635645785727e-08,0.007480513309666833
H3K18me_TTS_bin10,29.365336153599134,6.35414820314915e-08,1.0220587439971038e-07,0.007427933837799554
H3R17me2_TTS_bin16,28.84033654381573,8.315280700415235e-08,1.331225689596993e-07,0.007296104595267414
ATAC_TTS_bin10,28.73101145556879,8.794539404197992e-08,1.401372867678278e-07,0.007268648276926075
H3K27ac_TTS_bin18,28.642310661476845,9.203664239865398e-08,1.4597439561833028e-07,0.007246370506185148
H3K27ac_TTS_bin12,26.369471825472694,2.9564983576587005e-07,4.667434907229708e-07,0.006675191273510755
H3K18ac_TTS_bin09,25.704411569942792,4.162848599342839e-07,6.541619227538747e-07,0.0065079329720589656
H3K4me3_TTS_bin11,25.4104606938352,4.843109187814202e-07,7.575689142406618e-07,0.0064339882994514245
H3K9ac_TTS_bin08,24.77134984548171,6.732059471464515e-07,1.0482339177029222e-06,0.0062731790855530345
H3_TTS_bin18,24.690085222077148,7.020116318869906e-07,1.0881180294248356e-06,0.006252728041250813
H3K18me_TTS_bin11,24.36442286816794,8.304038454927551e-07,1.2813018611449299e-06,0.006170763450064001
H3K27me_TTS_bin14,23.809978453190435,1.1055309655044706e-06,1.6981354019685789e-06,0.0060311865523273046
H3K27me_TTS_bin10,22.981207047890997,1.6965555945541745e-06,2.5942845638698367e-06,0.005822476936767474
H3K9ac_TTS_bin14,22.782662785797342,1.8800427724501202e-06,2.8620293991316563e-06,0.005772464493830633
ATAC_TTS_bin13,22.010210375367507,2.8044306128282587e-06,4.250270395441939e-06,0.005577839184879798
H3K36me3_TTS_bin09,21.97061693081522,2.8625546709742975e-06,4.319164348682458e-06,0.005567861259925957
H3K9ac_TTS_bin10,21.88959920589725,2.9852870631584725e-06,4.484506116903256e-06,0.005547443397884848
H2B.Z_TTS_bin15,21.68599774052704,3.3175517728988643e-06,4.961776993677688e-06,0.005496128620712694
MNase_TTS_bin13,21.61869737391552,3.43535348970537e-06,5.115526375500137e-06,0.005479165381161709
H3_TTS_bin17,21.16739834146075,4.341522961404527e-06,6.43677969495193e-06,0.005365399285809639
H3K4me1_TTS_bin10,20.450601675858277,6.299754531175962e-06,9.299637641259755e-06,0.005184651486615026
H3K9ac_TTS_bin09,20.215131232857726,7.120192901421262e-06,1.0465455945623493e-05,0.005125260808615934
H2B.Z_TTS_bin14,19.804090945418633,8.818009282848232e-06,1.29053268903487e-05,0.005021570668504262
H3K4me1_TTS_bin11,19.717059815489076,9.22672168298076e-06,1.3445778179044612e-05,0.004999613186350533
H3K27ac_TTS_bin19,19.594959076077146,9.832409187755323e-06,1.4267453332019424e-05,0.004968806198258235
H2B.Z_TTS_bin16,19.372900123927433,1.1038194939718935e-05,1.5949256247644732e-05,0.004912774067935244
H2B.Z_TTS_bin18,17.634400340372963,2.7364345650235174e-05,3.937232855160419e-05,0.004473880261155162
H3K18me_TTS_bin09,17.61659653236337,2.762055480475743e-05,3.957398818664825e-05,0.00446938358942916
H2B.Z_TTS_bin17,17.42902348507745,3.047092781173096e-05,4.347525683598434e-05,0.004422006176243766
H3K9ac_TTS_bin05,17.032576425316968,3.7506969637842535e-05,5.329115269376793e-05,0.004321856288933858
H3R17me2_TTS_bin11,16.90621142326242,4.007681841716819e-05,5.659552151406258e-05,0.00428992990857215
H3K18ac_TTS_bin16,16.90204204253714,4.016456365514119e-05,5.659552151406258e-05,0.0042888764709759055
H3K4me1_TTS_bin14,16.85866733692974,4.108893143212787e-05,5.76597762072247e-05,0.004277917266269824
H3K27ac_TTS_bin05,16.25473096471852,5.642264508718321e-05,7.885295891282571e-05,0.004125299523652564
H3K27ac_TTS_bin11,15.43091914303428,8.704833339282674e-05,0.00012115706811001599,0.003917042704835918
H3K27me_TTS_bin09,15.344456089638033,9.110767268072976e-05,0.00012629153001678393,0.0038951800891434594
H3K18ac_TTS_bin17,14.868654348052615,0.00011710974955418724,0.00016167783238047712,0.003774854064158587
ATAC_TTS_bin19,14.845800136133265,0.00011853190859735205,0.00016298137432135907,0.0037690737057084504
ATAC_TTS_bin15,14.631639494442624,0.00013273354343113297,0.00018177565586351943,0.0037149042697277265
H3K36me3_TTS_bin13,14.523526811972625,0.0001405418158300269,0.00019169903679215668,0.003687556190308872
H3K18ac_TTS_bin15,14.399503668391553,0.0001500709499706243,0.00020388125075690392,0.003656181566897732
H3K36me3_TTS_bin10,14.083783727704441,0.00017737331530161626,0.00024001706554702834,0.003576303730738058
H3K27me_TTS_bin11,13.450613745913891,0.0002481735214412347,0.0003344947462903598,0.003416071734069974
H3_TTS_bin13,13.415046498879349,0.0002529071341090623,0.00033953280602830804,0.003407069445424075
H3R17me2_TTS_bin10,13.070538459712466,0.00030374528273306316,0.0004061848682822531,0.0033198639272604977
H2A.Zac_TTS_bin11,12.518767714144042,0.00040755178871409217,0.000542871718560568,0.003180162080470261
H3K18ac_TTS_bin14,12.424616266656857,0.0004285511387928923,0.0005686223281259777,0.003156320132567528
H3R17me2_TTS_bin15,12.25695930715535,0.00046868743285623726,0.0006194667232712283,0.0031138615781101777
ATAC_TTS_bin18,11.442758490761028,0.0007247602685176204,0.000954221048511616,0.002907616548626745
H3R17me2_TTS_bin12,10.868632231637273,0.0009867709427010987,0.0012927207567119928,0.002762133440138049
H3_TTS_bin16,10.8636097979493,0.0009894431598294138,0.0012927207567119928,0.002760860572371181
H3K27ac_TTS_bin20,10.536700783184369,0.0011801033049438036,0.0015359359808619734,0.002678002922450055
H3K4me3_TTS_bin17,10.4445902664051,0.0012402597621617973,0.0016060599003711441,0.002654654304255403
ATAC_TTS_bin14,10.439905203437268,0.0012434012131905632,0.0016060599003711441,0.0026534666826732107
ATAC_TTS_bin20,10.367622141139723,0.0012929027245312445,0.001663697468170394,0.0026351432140694344
H3K4me1_TTS_bin09,10.023760297453283,0.0015571754083051235,0.001996228624932508,0.0025479663845994105
H2A.Zac_TTS_bin16,9.720715616047698,0.0018352165105975956,0.0023438532963062928,0.002471125003221121
H3K4me3_TTS_bin05,9.655191271295598,0.0019016730733084218,0.0024196661119334772,0.002454508796988683
H3K9ac_TTS_bin15,9.621743184972187,0.0019365327143799071,0.0024548611732473917,0.0024460265407170692
H3K18ac_TTS_bin18,9.277295459420118,0.002335533867102867,0.002949692772896584,0.002358668042583684
H3K9ac_TTS_bin07,8.95141221756555,0.002789806931386307,0.003510421267906756,0.0022760037639311596
H3K4me3_TTS_bin16,8.912593012848799,0.0028495949079638326,0.003572470086822305,0.0022661558837292163
H3K4me2_TTS_bin12,8.895844419828418,0.0028757909776640942,0.003592105213858814,0.0022619069438236574
H3_TTS_bin08,8.579512287735632,0.00341924584541354,0.004255338807613201,0.002181650049522989
H3R17me2_TTS_bin08,8.48446923448065,0.0036021278317945656,0.004466638511425262,0.0021575340731434045
H3K27me_TTS_bin13,8.311297347521048,0.0039613434877101205,0.004894268584453446,0.0021135908932559083
H2A.Zac_TTS_bin17,7.475606333393882,0.0062821227324337675,0.007733587912490667,0.0019014759550716998
H3K36me3_TTS_bin11,7.282353746323958,0.006993343799133578,0.008578166314764568,0.00185241178095087
H2A.Zac_TTS_bin15,7.173672525048335,0.007428955574813668,0.009079834591438928,0.0018248169942694447
H3K18ac_TTS_bin13,6.945555224517312,0.00843583395585777,0.010273640639098212,0.0017668917381178566
H3K9ac_TTS_bin16,6.924994824930666,0.008533188148909328,0.010355221205615946,0.001761670556942051
H3K18ac_TTS_bin10,6.833895203972771,0.008978585969870695,0.010857084452928748,0.0017385357372416154
ATAC_TTS_bin16,6.301072604604137,0.012106420451582469,0.01458759496109407,0.0016032035429867017
H3_TTS_bin07,5.663150967545048,0.01737248478643492,0.020859215887937703,0.001441128857609765
H3K9ac_TTS_bin17,5.4948664414720065,0.019122007929020992,0.022879314750161958,0.0013983645807503307
H3K27ac_TTS_bin10,4.865683118952237,0.027453705774769372,0.03273326457760963,0.001238444760241736
H3K4me3_TTS_bin01,4.75068516729352,0.029345890949525173,0.03486741746964489,0.0012092101403200204
H2A.Zac_TTS_bin18,4.693979702442683,0.03032846566123939,0.03590974580028691,0.0011947939255880149
H3K4me3_TTS_bin19,4.584500102434805,0.03232380867084484,0.03813985728982038,0.0011669597796140738
H3K27ac_TTS_bin06,4.241618563256305,0.03951037133545935,0.046458746984109095,0.001079775374104321
H3K18ac_TTS_bin19,4.055070609936322,0.04410701466387335,0.05151126458780891,0.0010323354782565872
H3K4me1_TTS_bin12,4.0541598809137485,0.04413078736589247,0.05151126458780891,0.0010321038651454483
H3K4me3_TTS_bin15,4.049203044740497,0.044260412094510294,0.05151126458780891,0.0010308432597030215
H3K9ac_TTS_bin18,3.7347522591571827,0.05336345165577678,0.06169872477129559,0.0009508667195535606
H3K4me3_TTS_bin06,3.7343675480649856,0.05337572964085689,0.06169872477129559,0.0009507688653589393
H3K4me3_TTS_bin18,3.5040570097017993,0.06129301824526342,0.07061121358660415,0.0008921841858948187
MNase_TTS_bin08,3.4250777069397698,0.06428832813170222,0.0738125248919544,0.0008720924369458703
H3K4me3_TTS_bin04,3.356607362327964,0.0670115850588364,0.07668104196329938,0.0008546734350620408
H3_TTS_bin15,3.3451443495245203,0.06747942232752249,0.07695813716951562,0.0008517571607724247
H2A.Zac_TTS_bin12,3.0214045480626344,0.08225071139005069,0.09349164194669095,0.000769388357436353
ATAC_TTS_bin17,2.9986048085431887,0.08341484607649068,0.09449987545542632,0.0007635869299447795
H3K4me3_TTS_bin20,2.731409624132359,0.09847240660720998,0.11118904189754504,0.0006955936984734612
H2A.Zac_TTS_bin14,2.3383901750285525,0.12630053544340358,0.14214020655511755,0.0005955651150394887
TTS_coord,2.291488325363585,0.13016566597088708,0.146008197684449,0.0005836266441697499
MNase_TTS_bin10,2.157212252481131,0.1419820897175514,0.15874063145470502,0.000549446223332334
H3R17me2_TTS_bin14,2.127074750028352,0.14479673626380277,0.16135845446391092,0.0005417743006099158
H3K18ac_TTS_bin12,2.0570861719403246,0.151579313102075,0.1683665985922071,0.0005239572748918086
H3K18ac_TTS_bin20,1.8370555036760068,0.1753744609260636,0.1941645817395704,0.00046793982473129325
H2A.Zac_TTS_bin19,1.8181171747710914,0.177615378591937,0.19600920420663598,0.00046311803565660483
H3K4me3_TTS_bin02,1.7404324178428836,0.18716101913367442,0.20582045844720445,0.00044333863835489503
H3K4me3_TTS_bin12,1.7360809399309154,0.18771308673630668,0.20582045844720445,0.0004422306808549516
H3K4me_TTS_bin09,1.6479699993508021,0.1993112482964755,0.2178369732983915,0.0004197956648036055
H3K4me_TTS_bin11,1.5181033955673064,0.21798055512386852,0.23748041309022097,0.0003867268868927515
H3K4me2_TTS_bin10,1.3362434886472998,0.24776789989370274,0.26907278300558163,0.0003404150385495923
H3K4me3_TTS_bin07,1.3263616505911717,0.2495236806576373,0.2701192860452518,0.00033789843910798776
H3K4me_TTS_bin10,1.2612539322666962,0.26148257769521954,0.2821694904875629,0.0003213171941111413
H3K4me1_TTS_bin13,1.1830139039272733,0.2768100790278181,0.2977673089857602,0.0003013907631151867
H3R17me2_TTS_bin09,0.9621616301578588,0.32670332853441775,0.350332814560492,0.00024513908428565415
H3K4me1_TTS_bin08,0.8752217412533452,0.34957132294390914,0.3736796900434891,0.00022299351999910375
H3R17me2_TTS_bin13,0.8451116817967442,0.3579954132387666,0.3814888622325606,0.00021532357526195817
H3K27ac_TTS_bin07,0.7543552442888992,0.38515394414619253,0.4091510746225908,0.00019220444797543148
MNase_TTS_bin12,0.734184388600684,0.3915825422847642,0.4146883444692689,0.0001870660162211867
H3K27me_TTS_bin12,0.5399844204868985,0.462483094863552,0.4882561465896942,0.00013759177448325442
H3K9ac_TTS_bin06,0.4536444406401101,0.5006489972812793,0.5269176175090008,0.00011559429203164122
H3K27me_TTS_bin08,0.3212989683367289,0.5708604768203103,0.5989643772176179,8.187376717120359e-05
H3K4me3_TTS_bin13,0.28914623210950235,0.5907986583850556,0.6179826457340613,7.368117417829032e-05
H3K9ac_TTS_bin19,0.2726347665357212,0.6015992729506389,0.6273558167466906,6.947396165096996e-05
H3K9ac_TTS_bin20,0.19152221746326092,0.661676783156837,0.6861699421371735,4.880552245702738e-05
H3_TTS_bin14,0.19110425153536975,0.6620231993053669,0.6861699421371735,4.869901757035332e-05
H2A.Zac_TTS_bin20,0.176835165522702,0.6741303031429284,0.6966013132476927,4.506299612648394e-05
H3K4me3_TTS_bin14,0.13776835222492848,0.710529766708919,0.731995922802844,3.510792952684187e-05
H3K27ac_TTS_bin08,0.11581170709818076,0.7336404060358219,0.7535282483681183,2.9512815792202486e-05
H3K36me3_TTS_bin08,0.07575879483434612,0.7831439249403597,0.8019581934073953,1.930614990410206e-05
H2A.Zac_TTS_bin13,0.06481556790641618,0.7990538830192591,0.8158005212861298,1.651745599340611e-05
H3K4me2_TTS_bin09,0.05451981737517734,0.8153893935559309,0.829993382694246,1.3893746149509328e-05
H3K36me3_TTS_bin12,0.019113726431830146,0.8900480363740743,0.903292798820117,4.8709565060397614e-06
H3K4me2_TTS_bin11,0.008185888191737684,0.9279136634565412,0.938927475485699,2.086103750032015e-06
H3K4me3_TTS_bin03,0.006610007001630106,0.9352059699346267,0.9435066146381884,1.68450455327299e-06
MNase_TTS_bin11,0.004267612129058469,0.9479170023771275,0.9535094330696179,1.0875656186927226e-06
H3K18ac_TTS_bin11,0.0033919631582760143,0.9535599765702968,0.95636456473668,8.644139210539857e-07
H3K27ac_TTS_bin09,0.0001206620825410562,0.9912362684659382,0.9912362684659382,3.074976524738161e-08
