Pf3D7_01_v3	186223	186223	NEG_Pf3D7_01_v3_186223	+
Pf3D7_01_v3	186423	186423	NEG_Pf3D7_01_v3_186423	-
Pf3D7_01_v3	186623	186623	NEG_Pf3D7_01_v3_186623	-
Pf3D7_01_v3	186823	186823	NEG_Pf3D7_01_v3_186823	-
Pf3D7_01_v3	187023	187023	NEG_Pf3D7_01_v3_187023	+
Pf3D7_01_v3	236403	236403	NEG_Pf3D7_01_v3_236403	+
Pf3D7_01_v3	236603	236603	NEG_Pf3D7_01_v3_236603	+
Pf3D7_01_v3	311258	311258	NEG_Pf3D7_01_v3_311258	+
Pf3D7_01_v3	311458	311458	NEG_Pf3D7_01_v3_311458	-
Pf3D7_01_v3	311658	311658	NEG_Pf3D7_01_v3_311658	+
Pf3D7_01_v3	311858	311858	NEG_Pf3D7_01_v3_311858	-
Pf3D7_01_v3	312058	312058	NEG_Pf3D7_01_v3_312058	+
Pf3D7_01_v3	312258	312258	NEG_Pf3D7_01_v3_312258	+
Pf3D7_01_v3	312458	312458	NEG_Pf3D7_01_v3_312458	+
Pf3D7_01_v3	457821	457821	NEG_Pf3D7_01_v3_457821	-
Pf3D7_01_v3	458021	458021	NEG_Pf3D7_01_v3_458021	-
Pf3D7_01_v3	458221	458221	NEG_Pf3D7_01_v3_458221	+
Pf3D7_01_v3	458421	458421	NEG_Pf3D7_01_v3_458421	+
Pf3D7_01_v3	458621	458621	NEG_Pf3D7_01_v3_458621	+
Pf3D7_01_v3	458821	458821	NEG_Pf3D7_01_v3_458821	-
Pf3D7_01_v3	459021	459021	NEG_Pf3D7_01_v3_459021	-
Pf3D7_01_v3	459221	459221	NEG_Pf3D7_01_v3_459221	-
Pf3D7_01_v3	459421	459421	NEG_Pf3D7_01_v3_459421	-
Pf3D7_01_v3	459621	459621	NEG_Pf3D7_01_v3_459621	-
Pf3D7_01_v3	459821	459821	NEG_Pf3D7_01_v3_459821	-
Pf3D7_01_v3	460021	460021	NEG_Pf3D7_01_v3_460021	-
Pf3D7_01_v3	460221	460221	NEG_Pf3D7_01_v3_460221	+
Pf3D7_01_v3	460421	460421	NEG_Pf3D7_01_v3_460421	-
Pf3D7_01_v3	460621	460621	NEG_Pf3D7_01_v3_460621	+
Pf3D7_01_v3	460821	460821	NEG_Pf3D7_01_v3_460821	-
Pf3D7_01_v3	461021	461021	NEG_Pf3D7_01_v3_461021	-
Pf3D7_01_v3	461221	461221	NEG_Pf3D7_01_v3_461221	+
Pf3D7_01_v3	461421	461421	NEG_Pf3D7_01_v3_461421	+
Pf3D7_01_v3	492128	492128	NEG_Pf3D7_01_v3_492128	+
Pf3D7_01_v3	492328	492328	NEG_Pf3D7_01_v3_492328	+
Pf3D7_01_v3	492528	492528	NEG_Pf3D7_01_v3_492528	+
Pf3D7_01_v3	492728	492728	NEG_Pf3D7_01_v3_492728	-
Pf3D7_01_v3	492928	492928	NEG_Pf3D7_01_v3_492928	-
Pf3D7_01_v3	493128	493128	NEG_Pf3D7_01_v3_493128	-
Pf3D7_01_v3	540026	540026	NEG_Pf3D7_01_v3_540026	-
Pf3D7_01_v3	540226	540226	NEG_Pf3D7_01_v3_540226	-
Pf3D7_01_v3	540426	540426	NEG_Pf3D7_01_v3_540426	-
Pf3D7_01_v3	566843	566843	NEG_Pf3D7_01_v3_566843	+
Pf3D7_01_v3	567043	567043	NEG_Pf3D7_01_v3_567043	-
Pf3D7_01_v3	567243	567243	NEG_Pf3D7_01_v3_567243	+
Pf3D7_01_v3	567443	567443	NEG_Pf3D7_01_v3_567443	+
Pf3D7_01_v3	574854	574854	NEG_Pf3D7_01_v3_574854	+
Pf3D7_01_v3	575054	575054	NEG_Pf3D7_01_v3_575054	-
Pf3D7_01_v3	575254	575254	NEG_Pf3D7_01_v3_575254	+
Pf3D7_01_v3	575454	575454	NEG_Pf3D7_01_v3_575454	+
Pf3D7_01_v3	575654	575654	NEG_Pf3D7_01_v3_575654	-
Pf3D7_02_v3	100839	100839	NEG_Pf3D7_02_v3_100839	+
Pf3D7_02_v3	101039	101039	NEG_Pf3D7_02_v3_101039	+
Pf3D7_02_v3	101239	101239	NEG_Pf3D7_02_v3_101239	+
Pf3D7_02_v3	447243	447243	NEG_Pf3D7_02_v3_447243	+
Pf3D7_02_v3	447443	447443	NEG_Pf3D7_02_v3_447443	+
Pf3D7_02_v3	447643	447643	NEG_Pf3D7_02_v3_447643	+
Pf3D7_02_v3	447843	447843	NEG_Pf3D7_02_v3_447843	+
Pf3D7_02_v3	448043	448043	NEG_Pf3D7_02_v3_448043	+
Pf3D7_02_v3	448243	448243	NEG_Pf3D7_02_v3_448243	-
Pf3D7_02_v3	448443	448443	NEG_Pf3D7_02_v3_448443	-
Pf3D7_02_v3	448643	448643	NEG_Pf3D7_02_v3_448643	+
Pf3D7_02_v3	448843	448843	NEG_Pf3D7_02_v3_448843	-
Pf3D7_02_v3	449043	449043	NEG_Pf3D7_02_v3_449043	-
Pf3D7_02_v3	449243	449243	NEG_Pf3D7_02_v3_449243	+
Pf3D7_02_v3	449443	449443	NEG_Pf3D7_02_v3_449443	+
Pf3D7_02_v3	449643	449643	NEG_Pf3D7_02_v3_449643	-
Pf3D7_02_v3	816655	816655	NEG_Pf3D7_02_v3_816655	-
Pf3D7_02_v3	816855	816855	NEG_Pf3D7_02_v3_816855	-
Pf3D7_02_v3	817055	817055	NEG_Pf3D7_02_v3_817055	+
Pf3D7_02_v3	817255	817255	NEG_Pf3D7_02_v3_817255	+
Pf3D7_02_v3	817455	817455	NEG_Pf3D7_02_v3_817455	-
Pf3D7_02_v3	817655	817655	NEG_Pf3D7_02_v3_817655	-
Pf3D7_02_v3	817855	817855	NEG_Pf3D7_02_v3_817855	-
Pf3D7_02_v3	818055	818055	NEG_Pf3D7_02_v3_818055	+
Pf3D7_02_v3	818255	818255	NEG_Pf3D7_02_v3_818255	-
Pf3D7_03_v3	73920	73920	NEG_Pf3D7_03_v3_73920	+
Pf3D7_03_v3	74120	74120	NEG_Pf3D7_03_v3_74120	-
Pf3D7_03_v3	74320	74320	NEG_Pf3D7_03_v3_74320	+
Pf3D7_03_v3	99908	99908	NEG_Pf3D7_03_v3_99908	-
Pf3D7_03_v3	100108	100108	NEG_Pf3D7_03_v3_100108	-
Pf3D7_03_v3	100308	100308	NEG_Pf3D7_03_v3_100308	-
Pf3D7_03_v3	100508	100508	NEG_Pf3D7_03_v3_100508	+
Pf3D7_03_v3	100708	100708	NEG_Pf3D7_03_v3_100708	-
Pf3D7_03_v3	100908	100908	NEG_Pf3D7_03_v3_100908	-
Pf3D7_03_v3	101108	101108	NEG_Pf3D7_03_v3_101108	-
Pf3D7_03_v3	101308	101308	NEG_Pf3D7_03_v3_101308	+
Pf3D7_03_v3	485454	485454	NEG_Pf3D7_03_v3_485454	-
Pf3D7_03_v3	485654	485654	NEG_Pf3D7_03_v3_485654	+
Pf3D7_03_v3	485854	485854	NEG_Pf3D7_03_v3_485854	+
Pf3D7_03_v3	486054	486054	NEG_Pf3D7_03_v3_486054	+
Pf3D7_03_v3	486254	486254	NEG_Pf3D7_03_v3_486254	-
Pf3D7_03_v3	486454	486454	NEG_Pf3D7_03_v3_486454	+
Pf3D7_03_v3	486654	486654	NEG_Pf3D7_03_v3_486654	+
Pf3D7_03_v3	594548	594548	NEG_Pf3D7_03_v3_594548	+
Pf3D7_03_v3	594748	594748	NEG_Pf3D7_03_v3_594748	-
Pf3D7_03_v3	594948	594948	NEG_Pf3D7_03_v3_594948	-
Pf3D7_03_v3	595148	595148	NEG_Pf3D7_03_v3_595148	-
Pf3D7_03_v3	595348	595348	NEG_Pf3D7_03_v3_595348	+
Pf3D7_03_v3	595548	595548	NEG_Pf3D7_03_v3_595548	+
Pf3D7_03_v3	595748	595748	NEG_Pf3D7_03_v3_595748	+
Pf3D7_03_v3	595948	595948	NEG_Pf3D7_03_v3_595948	+
Pf3D7_03_v3	596148	596148	NEG_Pf3D7_03_v3_596148	+
Pf3D7_03_v3	596348	596348	NEG_Pf3D7_03_v3_596348	-
Pf3D7_03_v3	596548	596548	NEG_Pf3D7_03_v3_596548	+
Pf3D7_03_v3	596748	596748	NEG_Pf3D7_03_v3_596748	+
Pf3D7_03_v3	596948	596948	NEG_Pf3D7_03_v3_596948	+
Pf3D7_03_v3	597148	597148	NEG_Pf3D7_03_v3_597148	-
Pf3D7_03_v3	597348	597348	NEG_Pf3D7_03_v3_597348	+
Pf3D7_03_v3	597548	597548	NEG_Pf3D7_03_v3_597548	+
Pf3D7_03_v3	597748	597748	NEG_Pf3D7_03_v3_597748	+
Pf3D7_03_v3	597948	597948	NEG_Pf3D7_03_v3_597948	-
Pf3D7_03_v3	598148	598148	NEG_Pf3D7_03_v3_598148	+
Pf3D7_03_v3	598348	598348	NEG_Pf3D7_03_v3_598348	+
Pf3D7_03_v3	598548	598548	NEG_Pf3D7_03_v3_598548	+
Pf3D7_03_v3	598748	598748	NEG_Pf3D7_03_v3_598748	-
Pf3D7_03_v3	598948	598948	NEG_Pf3D7_03_v3_598948	-
Pf3D7_03_v3	599148	599148	NEG_Pf3D7_03_v3_599148	+
Pf3D7_03_v3	599348	599348	NEG_Pf3D7_03_v3_599348	-
Pf3D7_03_v3	599548	599548	NEG_Pf3D7_03_v3_599548	+
Pf3D7_03_v3	599748	599748	NEG_Pf3D7_03_v3_599748	+
Pf3D7_03_v3	599948	599948	NEG_Pf3D7_03_v3_599948	-
Pf3D7_03_v3	600148	600148	NEG_Pf3D7_03_v3_600148	-
Pf3D7_03_v3	600348	600348	NEG_Pf3D7_03_v3_600348	-
Pf3D7_03_v3	600548	600548	NEG_Pf3D7_03_v3_600548	+
Pf3D7_03_v3	600748	600748	NEG_Pf3D7_03_v3_600748	-
Pf3D7_03_v3	600948	600948	NEG_Pf3D7_03_v3_600948	-
Pf3D7_03_v3	601148	601148	NEG_Pf3D7_03_v3_601148	+
Pf3D7_03_v3	601348	601348	NEG_Pf3D7_03_v3_601348	-
Pf3D7_03_v3	601548	601548	NEG_Pf3D7_03_v3_601548	+
Pf3D7_03_v3	601748	601748	NEG_Pf3D7_03_v3_601748	+
Pf3D7_03_v3	601948	601948	NEG_Pf3D7_03_v3_601948	+
Pf3D7_03_v3	602148	602148	NEG_Pf3D7_03_v3_602148	+
Pf3D7_03_v3	602348	602348	NEG_Pf3D7_03_v3_602348	+
Pf3D7_03_v3	602548	602548	NEG_Pf3D7_03_v3_602548	+
Pf3D7_03_v3	696816	696816	NEG_Pf3D7_03_v3_696816	+
Pf3D7_03_v3	697016	697016	NEG_Pf3D7_03_v3_697016	+
Pf3D7_03_v3	697216	697216	NEG_Pf3D7_03_v3_697216	-
Pf3D7_03_v3	697416	697416	NEG_Pf3D7_03_v3_697416	-
Pf3D7_03_v3	995626	995626	NEG_Pf3D7_03_v3_995626	+
Pf3D7_03_v3	995826	995826	NEG_Pf3D7_03_v3_995826	-
Pf3D7_03_v3	996026	996026	NEG_Pf3D7_03_v3_996026	+
Pf3D7_04_v3	97923	97923	NEG_Pf3D7_04_v3_97923	+
Pf3D7_04_v3	98123	98123	NEG_Pf3D7_04_v3_98123	-
Pf3D7_04_v3	98323	98323	NEG_Pf3D7_04_v3_98323	+
Pf3D7_04_v3	98523	98523	NEG_Pf3D7_04_v3_98523	+
Pf3D7_04_v3	118059	118059	NEG_Pf3D7_04_v3_118059	+
Pf3D7_04_v3	118259	118259	NEG_Pf3D7_04_v3_118259	+
Pf3D7_04_v3	118459	118459	NEG_Pf3D7_04_v3_118459	-
Pf3D7_04_v3	118659	118659	NEG_Pf3D7_04_v3_118659	+
Pf3D7_04_v3	118859	118859	NEG_Pf3D7_04_v3_118859	-
Pf3D7_04_v3	119059	119059	NEG_Pf3D7_04_v3_119059	+
Pf3D7_04_v3	119259	119259	NEG_Pf3D7_04_v3_119259	+
Pf3D7_04_v3	119459	119459	NEG_Pf3D7_04_v3_119459	+
Pf3D7_04_v3	119659	119659	NEG_Pf3D7_04_v3_119659	+
Pf3D7_04_v3	119859	119859	NEG_Pf3D7_04_v3_119859	+
Pf3D7_04_v3	120059	120059	NEG_Pf3D7_04_v3_120059	+
Pf3D7_04_v3	120259	120259	NEG_Pf3D7_04_v3_120259	+
Pf3D7_04_v3	120459	120459	NEG_Pf3D7_04_v3_120459	-
Pf3D7_04_v3	120659	120659	NEG_Pf3D7_04_v3_120659	-
Pf3D7_04_v3	120859	120859	NEG_Pf3D7_04_v3_120859	+
Pf3D7_04_v3	121059	121059	NEG_Pf3D7_04_v3_121059	-
Pf3D7_04_v3	121259	121259	NEG_Pf3D7_04_v3_121259	+
Pf3D7_04_v3	121459	121459	NEG_Pf3D7_04_v3_121459	-
Pf3D7_04_v3	153187	153187	NEG_Pf3D7_04_v3_153187	+
Pf3D7_04_v3	153387	153387	NEG_Pf3D7_04_v3_153387	-
Pf3D7_04_v3	153587	153587	NEG_Pf3D7_04_v3_153587	-
Pf3D7_04_v3	153787	153787	NEG_Pf3D7_04_v3_153787	+
Pf3D7_04_v3	203209	203209	NEG_Pf3D7_04_v3_203209	+
Pf3D7_04_v3	203409	203409	NEG_Pf3D7_04_v3_203409	+
Pf3D7_04_v3	203609	203609	NEG_Pf3D7_04_v3_203609	-
Pf3D7_04_v3	203809	203809	NEG_Pf3D7_04_v3_203809	+
Pf3D7_04_v3	204009	204009	NEG_Pf3D7_04_v3_204009	+
Pf3D7_04_v3	204209	204209	NEG_Pf3D7_04_v3_204209	+
Pf3D7_04_v3	215855	215855	NEG_Pf3D7_04_v3_215855	+
Pf3D7_04_v3	216055	216055	NEG_Pf3D7_04_v3_216055	-
Pf3D7_04_v3	216255	216255	NEG_Pf3D7_04_v3_216255	+
Pf3D7_04_v3	216455	216455	NEG_Pf3D7_04_v3_216455	-
Pf3D7_04_v3	216655	216655	NEG_Pf3D7_04_v3_216655	-
Pf3D7_04_v3	216855	216855	NEG_Pf3D7_04_v3_216855	-
Pf3D7_04_v3	217055	217055	NEG_Pf3D7_04_v3_217055	-
Pf3D7_04_v3	244348	244348	NEG_Pf3D7_04_v3_244348	-
Pf3D7_04_v3	244548	244548	NEG_Pf3D7_04_v3_244548	+
Pf3D7_04_v3	244748	244748	NEG_Pf3D7_04_v3_244748	-
Pf3D7_04_v3	244948	244948	NEG_Pf3D7_04_v3_244948	-
Pf3D7_04_v3	245148	245148	NEG_Pf3D7_04_v3_245148	-
Pf3D7_04_v3	245348	245348	NEG_Pf3D7_04_v3_245348	-
Pf3D7_04_v3	245548	245548	NEG_Pf3D7_04_v3_245548	+
Pf3D7_04_v3	495376	495376	NEG_Pf3D7_04_v3_495376	+
Pf3D7_04_v3	495576	495576	NEG_Pf3D7_04_v3_495576	-
Pf3D7_04_v3	495776	495776	NEG_Pf3D7_04_v3_495776	-
Pf3D7_04_v3	495976	495976	NEG_Pf3D7_04_v3_495976	-
Pf3D7_04_v3	496176	496176	NEG_Pf3D7_04_v3_496176	+
Pf3D7_04_v3	496376	496376	NEG_Pf3D7_04_v3_496376	-
Pf3D7_04_v3	496576	496576	NEG_Pf3D7_04_v3_496576	+
Pf3D7_04_v3	496776	496776	NEG_Pf3D7_04_v3_496776	+
Pf3D7_04_v3	496976	496976	NEG_Pf3D7_04_v3_496976	+
Pf3D7_04_v3	606457	606457	NEG_Pf3D7_04_v3_606457	+
Pf3D7_04_v3	606657	606657	NEG_Pf3D7_04_v3_606657	-
Pf3D7_04_v3	606857	606857	NEG_Pf3D7_04_v3_606857	+
Pf3D7_04_v3	607057	607057	NEG_Pf3D7_04_v3_607057	-
Pf3D7_04_v3	642492	642492	NEG_Pf3D7_04_v3_642492	-
Pf3D7_04_v3	642692	642692	NEG_Pf3D7_04_v3_642692	-
Pf3D7_04_v3	642892	642892	NEG_Pf3D7_04_v3_642892	-
Pf3D7_04_v3	643092	643092	NEG_Pf3D7_04_v3_643092	+
Pf3D7_04_v3	643292	643292	NEG_Pf3D7_04_v3_643292	-
Pf3D7_04_v3	643492	643492	NEG_Pf3D7_04_v3_643492	-
Pf3D7_04_v3	643692	643692	NEG_Pf3D7_04_v3_643692	-
Pf3D7_04_v3	643892	643892	NEG_Pf3D7_04_v3_643892	+
Pf3D7_04_v3	644092	644092	NEG_Pf3D7_04_v3_644092	-
Pf3D7_04_v3	644292	644292	NEG_Pf3D7_04_v3_644292	+
Pf3D7_04_v3	644492	644492	NEG_Pf3D7_04_v3_644492	+
Pf3D7_04_v3	644692	644692	NEG_Pf3D7_04_v3_644692	-
Pf3D7_04_v3	644892	644892	NEG_Pf3D7_04_v3_644892	+
Pf3D7_04_v3	645092	645092	NEG_Pf3D7_04_v3_645092	+
Pf3D7_04_v3	645292	645292	NEG_Pf3D7_04_v3_645292	-
Pf3D7_04_v3	824341	824341	NEG_Pf3D7_04_v3_824341	+
Pf3D7_04_v3	824541	824541	NEG_Pf3D7_04_v3_824541	+
Pf3D7_04_v3	824741	824741	NEG_Pf3D7_04_v3_824741	+
Pf3D7_04_v3	824941	824941	NEG_Pf3D7_04_v3_824941	+
Pf3D7_04_v3	825141	825141	NEG_Pf3D7_04_v3_825141	+
Pf3D7_04_v3	825341	825341	NEG_Pf3D7_04_v3_825341	-
Pf3D7_04_v3	825541	825541	NEG_Pf3D7_04_v3_825541	+
Pf3D7_04_v3	825741	825741	NEG_Pf3D7_04_v3_825741	-
Pf3D7_04_v3	825941	825941	NEG_Pf3D7_04_v3_825941	-
Pf3D7_04_v3	826141	826141	NEG_Pf3D7_04_v3_826141	+
Pf3D7_04_v3	826341	826341	NEG_Pf3D7_04_v3_826341	-
Pf3D7_04_v3	826541	826541	NEG_Pf3D7_04_v3_826541	-
Pf3D7_04_v3	826741	826741	NEG_Pf3D7_04_v3_826741	+
Pf3D7_04_v3	826941	826941	NEG_Pf3D7_04_v3_826941	+
Pf3D7_04_v3	827141	827141	NEG_Pf3D7_04_v3_827141	+
Pf3D7_04_v3	827341	827341	NEG_Pf3D7_04_v3_827341	-
Pf3D7_04_v3	827541	827541	NEG_Pf3D7_04_v3_827541	-
Pf3D7_04_v3	827741	827741	NEG_Pf3D7_04_v3_827741	+
Pf3D7_04_v3	827941	827941	NEG_Pf3D7_04_v3_827941	+
Pf3D7_04_v3	913972	913972	NEG_Pf3D7_04_v3_913972	+
Pf3D7_04_v3	914172	914172	NEG_Pf3D7_04_v3_914172	+
Pf3D7_04_v3	914372	914372	NEG_Pf3D7_04_v3_914372	-
Pf3D7_04_v3	914572	914572	NEG_Pf3D7_04_v3_914572	+
Pf3D7_04_v3	914772	914772	NEG_Pf3D7_04_v3_914772	-
Pf3D7_04_v3	914972	914972	NEG_Pf3D7_04_v3_914972	+
Pf3D7_04_v3	915172	915172	NEG_Pf3D7_04_v3_915172	+
Pf3D7_04_v3	915372	915372	NEG_Pf3D7_04_v3_915372	-
Pf3D7_04_v3	915572	915572	NEG_Pf3D7_04_v3_915572	+
Pf3D7_04_v3	915772	915772	NEG_Pf3D7_04_v3_915772	-
Pf3D7_04_v3	915972	915972	NEG_Pf3D7_04_v3_915972	+
Pf3D7_04_v3	1019248	1019248	NEG_Pf3D7_04_v3_1019248	-
Pf3D7_04_v3	1019448	1019448	NEG_Pf3D7_04_v3_1019448	-
Pf3D7_04_v3	1019648	1019648	NEG_Pf3D7_04_v3_1019648	+
Pf3D7_04_v3	1068629	1068629	NEG_Pf3D7_04_v3_1068629	-
Pf3D7_04_v3	1068829	1068829	NEG_Pf3D7_04_v3_1068829	-
Pf3D7_04_v3	1069029	1069029	NEG_Pf3D7_04_v3_1069029	+
Pf3D7_04_v3	1069229	1069229	NEG_Pf3D7_04_v3_1069229	-
Pf3D7_04_v3	1069429	1069429	NEG_Pf3D7_04_v3_1069429	+
Pf3D7_04_v3	1073846	1073846	NEG_Pf3D7_04_v3_1073846	-
Pf3D7_05_v3	432354	432354	NEG_Pf3D7_05_v3_432354	+
Pf3D7_05_v3	432554	432554	NEG_Pf3D7_05_v3_432554	-
Pf3D7_05_v3	432754	432754	NEG_Pf3D7_05_v3_432754	+
Pf3D7_05_v3	432954	432954	NEG_Pf3D7_05_v3_432954	+
Pf3D7_05_v3	433154	433154	NEG_Pf3D7_05_v3_433154	-
Pf3D7_05_v3	433354	433354	NEG_Pf3D7_05_v3_433354	-
Pf3D7_05_v3	433554	433554	NEG_Pf3D7_05_v3_433554	+
Pf3D7_05_v3	433754	433754	NEG_Pf3D7_05_v3_433754	+
Pf3D7_05_v3	433954	433954	NEG_Pf3D7_05_v3_433954	-
Pf3D7_05_v3	434154	434154	NEG_Pf3D7_05_v3_434154	+
Pf3D7_05_v3	434354	434354	NEG_Pf3D7_05_v3_434354	-
Pf3D7_05_v3	434554	434554	NEG_Pf3D7_05_v3_434554	+
Pf3D7_05_v3	434754	434754	NEG_Pf3D7_05_v3_434754	+
Pf3D7_05_v3	434954	434954	NEG_Pf3D7_05_v3_434954	-
Pf3D7_05_v3	435154	435154	NEG_Pf3D7_05_v3_435154	+
Pf3D7_05_v3	435354	435354	NEG_Pf3D7_05_v3_435354	+
Pf3D7_05_v3	453435	453435	NEG_Pf3D7_05_v3_453435	+
Pf3D7_05_v3	453635	453635	NEG_Pf3D7_05_v3_453635	-
Pf3D7_05_v3	453835	453835	NEG_Pf3D7_05_v3_453835	+
Pf3D7_05_v3	454035	454035	NEG_Pf3D7_05_v3_454035	-
Pf3D7_05_v3	454235	454235	NEG_Pf3D7_05_v3_454235	-
Pf3D7_05_v3	454435	454435	NEG_Pf3D7_05_v3_454435	+
Pf3D7_05_v3	454635	454635	NEG_Pf3D7_05_v3_454635	-
Pf3D7_05_v3	454835	454835	NEG_Pf3D7_05_v3_454835	-
Pf3D7_05_v3	455035	455035	NEG_Pf3D7_05_v3_455035	-
Pf3D7_05_v3	455235	455235	NEG_Pf3D7_05_v3_455235	-
Pf3D7_05_v3	455435	455435	NEG_Pf3D7_05_v3_455435	-
Pf3D7_05_v3	455635	455635	NEG_Pf3D7_05_v3_455635	-
Pf3D7_05_v3	455835	455835	NEG_Pf3D7_05_v3_455835	-
Pf3D7_05_v3	456035	456035	NEG_Pf3D7_05_v3_456035	-
Pf3D7_05_v3	456235	456235	NEG_Pf3D7_05_v3_456235	+
Pf3D7_05_v3	456435	456435	NEG_Pf3D7_05_v3_456435	+
Pf3D7_05_v3	456635	456635	NEG_Pf3D7_05_v3_456635	-
Pf3D7_05_v3	456835	456835	NEG_Pf3D7_05_v3_456835	-
Pf3D7_05_v3	457035	457035	NEG_Pf3D7_05_v3_457035	+
Pf3D7_05_v3	457235	457235	NEG_Pf3D7_05_v3_457235	-
Pf3D7_05_v3	709257	709257	NEG_Pf3D7_05_v3_709257	-
Pf3D7_05_v3	709457	709457	NEG_Pf3D7_05_v3_709457	-
Pf3D7_05_v3	709657	709657	NEG_Pf3D7_05_v3_709657	-
Pf3D7_05_v3	709857	709857	NEG_Pf3D7_05_v3_709857	-
Pf3D7_05_v3	710057	710057	NEG_Pf3D7_05_v3_710057	+
Pf3D7_05_v3	710257	710257	NEG_Pf3D7_05_v3_710257	-
Pf3D7_05_v3	710457	710457	NEG_Pf3D7_05_v3_710457	+
Pf3D7_05_v3	710657	710657	NEG_Pf3D7_05_v3_710657	-
Pf3D7_05_v3	727752	727752	NEG_Pf3D7_05_v3_727752	+
Pf3D7_05_v3	727952	727952	NEG_Pf3D7_05_v3_727952	-
Pf3D7_05_v3	728152	728152	NEG_Pf3D7_05_v3_728152	+
Pf3D7_05_v3	728352	728352	NEG_Pf3D7_05_v3_728352	-
Pf3D7_05_v3	728552	728552	NEG_Pf3D7_05_v3_728552	+
Pf3D7_05_v3	728752	728752	NEG_Pf3D7_05_v3_728752	-
Pf3D7_05_v3	728952	728952	NEG_Pf3D7_05_v3_728952	-
Pf3D7_05_v3	946932	946932	NEG_Pf3D7_05_v3_946932	-
Pf3D7_05_v3	1032832	1032832	NEG_Pf3D7_05_v3_1032832	+
Pf3D7_05_v3	1033032	1033032	NEG_Pf3D7_05_v3_1033032	+
Pf3D7_05_v3	1033232	1033232	NEG_Pf3D7_05_v3_1033232	+
Pf3D7_05_v3	1033432	1033432	NEG_Pf3D7_05_v3_1033432	+
Pf3D7_05_v3	1097514	1097514	NEG_Pf3D7_05_v3_1097514	-
Pf3D7_05_v3	1097714	1097714	NEG_Pf3D7_05_v3_1097714	-
Pf3D7_05_v3	1097914	1097914	NEG_Pf3D7_05_v3_1097914	-
Pf3D7_05_v3	1098114	1098114	NEG_Pf3D7_05_v3_1098114	+
Pf3D7_05_v3	1098314	1098314	NEG_Pf3D7_05_v3_1098314	+
Pf3D7_05_v3	1098514	1098514	NEG_Pf3D7_05_v3_1098514	-
Pf3D7_05_v3	1098714	1098714	NEG_Pf3D7_05_v3_1098714	-
Pf3D7_05_v3	1098914	1098914	NEG_Pf3D7_05_v3_1098914	+
Pf3D7_05_v3	1099114	1099114	NEG_Pf3D7_05_v3_1099114	+
Pf3D7_05_v3	1298200	1298200	NEG_Pf3D7_05_v3_1298200	+
Pf3D7_05_v3	1298400	1298400	NEG_Pf3D7_05_v3_1298400	+
Pf3D7_06_v3	54899	54899	NEG_Pf3D7_06_v3_54899	+
Pf3D7_06_v3	55099	55099	NEG_Pf3D7_06_v3_55099	-
Pf3D7_06_v3	55299	55299	NEG_Pf3D7_06_v3_55299	+
Pf3D7_06_v3	55499	55499	NEG_Pf3D7_06_v3_55499	-
Pf3D7_06_v3	55699	55699	NEG_Pf3D7_06_v3_55699	+
Pf3D7_06_v3	55899	55899	NEG_Pf3D7_06_v3_55899	+
Pf3D7_06_v3	56099	56099	NEG_Pf3D7_06_v3_56099	-
Pf3D7_06_v3	56299	56299	NEG_Pf3D7_06_v3_56299	+
Pf3D7_06_v3	56499	56499	NEG_Pf3D7_06_v3_56499	+
Pf3D7_06_v3	56699	56699	NEG_Pf3D7_06_v3_56699	+
Pf3D7_06_v3	56899	56899	NEG_Pf3D7_06_v3_56899	+
Pf3D7_06_v3	57099	57099	NEG_Pf3D7_06_v3_57099	+
Pf3D7_06_v3	57299	57299	NEG_Pf3D7_06_v3_57299	+
Pf3D7_06_v3	57499	57499	NEG_Pf3D7_06_v3_57499	+
Pf3D7_06_v3	57699	57699	NEG_Pf3D7_06_v3_57699	+
Pf3D7_06_v3	57899	57899	NEG_Pf3D7_06_v3_57899	-
Pf3D7_06_v3	58099	58099	NEG_Pf3D7_06_v3_58099	+
Pf3D7_06_v3	58299	58299	NEG_Pf3D7_06_v3_58299	+
Pf3D7_06_v3	58499	58499	NEG_Pf3D7_06_v3_58499	-
Pf3D7_06_v3	58699	58699	NEG_Pf3D7_06_v3_58699	-
Pf3D7_06_v3	58899	58899	NEG_Pf3D7_06_v3_58899	-
Pf3D7_06_v3	59099	59099	NEG_Pf3D7_06_v3_59099	-
Pf3D7_06_v3	59299	59299	NEG_Pf3D7_06_v3_59299	-
Pf3D7_06_v3	59499	59499	NEG_Pf3D7_06_v3_59499	-
Pf3D7_06_v3	59699	59699	NEG_Pf3D7_06_v3_59699	-
Pf3D7_06_v3	59899	59899	NEG_Pf3D7_06_v3_59899	+
Pf3D7_06_v3	60099	60099	NEG_Pf3D7_06_v3_60099	+
Pf3D7_06_v3	60299	60299	NEG_Pf3D7_06_v3_60299	-
Pf3D7_06_v3	60499	60499	NEG_Pf3D7_06_v3_60499	-
Pf3D7_06_v3	60699	60699	NEG_Pf3D7_06_v3_60699	-
Pf3D7_06_v3	60899	60899	NEG_Pf3D7_06_v3_60899	-
Pf3D7_06_v3	61099	61099	NEG_Pf3D7_06_v3_61099	+
Pf3D7_06_v3	61299	61299	NEG_Pf3D7_06_v3_61299	-
Pf3D7_06_v3	61499	61499	NEG_Pf3D7_06_v3_61499	+
Pf3D7_06_v3	61699	61699	NEG_Pf3D7_06_v3_61699	+
Pf3D7_06_v3	61899	61899	NEG_Pf3D7_06_v3_61899	+
Pf3D7_06_v3	62099	62099	NEG_Pf3D7_06_v3_62099	+
Pf3D7_06_v3	62299	62299	NEG_Pf3D7_06_v3_62299	-
Pf3D7_06_v3	62499	62499	NEG_Pf3D7_06_v3_62499	-
Pf3D7_06_v3	62699	62699	NEG_Pf3D7_06_v3_62699	-
Pf3D7_06_v3	62899	62899	NEG_Pf3D7_06_v3_62899	+
Pf3D7_06_v3	63099	63099	NEG_Pf3D7_06_v3_63099	-
Pf3D7_06_v3	63299	63299	NEG_Pf3D7_06_v3_63299	+
Pf3D7_06_v3	63499	63499	NEG_Pf3D7_06_v3_63499	-
Pf3D7_06_v3	63699	63699	NEG_Pf3D7_06_v3_63699	+
Pf3D7_06_v3	88923	88923	NEG_Pf3D7_06_v3_88923	-
Pf3D7_06_v3	89123	89123	NEG_Pf3D7_06_v3_89123	-
Pf3D7_06_v3	89323	89323	NEG_Pf3D7_06_v3_89323	+
Pf3D7_06_v3	89523	89523	NEG_Pf3D7_06_v3_89523	-
Pf3D7_06_v3	89723	89723	NEG_Pf3D7_06_v3_89723	+
Pf3D7_06_v3	89923	89923	NEG_Pf3D7_06_v3_89923	+
Pf3D7_06_v3	90123	90123	NEG_Pf3D7_06_v3_90123	+
Pf3D7_06_v3	279763	279763	NEG_Pf3D7_06_v3_279763	+
Pf3D7_06_v3	279963	279963	NEG_Pf3D7_06_v3_279963	+
Pf3D7_06_v3	477630	477630	NEG_Pf3D7_06_v3_477630	-
Pf3D7_06_v3	477830	477830	NEG_Pf3D7_06_v3_477830	-
Pf3D7_06_v3	478030	478030	NEG_Pf3D7_06_v3_478030	+
Pf3D7_06_v3	478230	478230	NEG_Pf3D7_06_v3_478230	-
Pf3D7_06_v3	478430	478430	NEG_Pf3D7_06_v3_478430	+
Pf3D7_06_v3	478630	478630	NEG_Pf3D7_06_v3_478630	+
Pf3D7_06_v3	478830	478830	NEG_Pf3D7_06_v3_478830	+
Pf3D7_06_v3	479030	479030	NEG_Pf3D7_06_v3_479030	+
Pf3D7_06_v3	479230	479230	NEG_Pf3D7_06_v3_479230	-
Pf3D7_06_v3	479430	479430	NEG_Pf3D7_06_v3_479430	+
Pf3D7_06_v3	479630	479630	NEG_Pf3D7_06_v3_479630	+
Pf3D7_06_v3	479830	479830	NEG_Pf3D7_06_v3_479830	-
Pf3D7_06_v3	480030	480030	NEG_Pf3D7_06_v3_480030	-
Pf3D7_06_v3	480230	480230	NEG_Pf3D7_06_v3_480230	+
Pf3D7_06_v3	480430	480430	NEG_Pf3D7_06_v3_480430	+
Pf3D7_06_v3	480630	480630	NEG_Pf3D7_06_v3_480630	+
Pf3D7_06_v3	503141	503141	NEG_Pf3D7_06_v3_503141	+
Pf3D7_06_v3	503341	503341	NEG_Pf3D7_06_v3_503341	-
Pf3D7_06_v3	503541	503541	NEG_Pf3D7_06_v3_503541	+
Pf3D7_06_v3	744407	744407	NEG_Pf3D7_06_v3_744407	+
Pf3D7_06_v3	744607	744607	NEG_Pf3D7_06_v3_744607	-
Pf3D7_06_v3	744807	744807	NEG_Pf3D7_06_v3_744807	+
Pf3D7_06_v3	745007	745007	NEG_Pf3D7_06_v3_745007	+
Pf3D7_06_v3	745207	745207	NEG_Pf3D7_06_v3_745207	-
Pf3D7_06_v3	745407	745407	NEG_Pf3D7_06_v3_745407	-
Pf3D7_06_v3	745607	745607	NEG_Pf3D7_06_v3_745607	+
Pf3D7_06_v3	745807	745807	NEG_Pf3D7_06_v3_745807	-
Pf3D7_06_v3	746007	746007	NEG_Pf3D7_06_v3_746007	-
Pf3D7_06_v3	746207	746207	NEG_Pf3D7_06_v3_746207	-
Pf3D7_06_v3	746407	746407	NEG_Pf3D7_06_v3_746407	-
Pf3D7_06_v3	933075	933075	NEG_Pf3D7_06_v3_933075	-
Pf3D7_06_v3	933275	933275	NEG_Pf3D7_06_v3_933275	-
Pf3D7_06_v3	933475	933475	NEG_Pf3D7_06_v3_933475	-
Pf3D7_06_v3	933675	933675	NEG_Pf3D7_06_v3_933675	+
Pf3D7_06_v3	933875	933875	NEG_Pf3D7_06_v3_933875	-
Pf3D7_06_v3	934075	934075	NEG_Pf3D7_06_v3_934075	-
Pf3D7_06_v3	934275	934275	NEG_Pf3D7_06_v3_934275	-
Pf3D7_06_v3	934475	934475	NEG_Pf3D7_06_v3_934475	+
Pf3D7_06_v3	934675	934675	NEG_Pf3D7_06_v3_934675	+
Pf3D7_06_v3	934875	934875	NEG_Pf3D7_06_v3_934875	-
Pf3D7_06_v3	972956	972956	NEG_Pf3D7_06_v3_972956	+
Pf3D7_06_v3	973156	973156	NEG_Pf3D7_06_v3_973156	+
Pf3D7_06_v3	973356	973356	NEG_Pf3D7_06_v3_973356	+
Pf3D7_06_v3	973556	973556	NEG_Pf3D7_06_v3_973556	-
Pf3D7_06_v3	973756	973756	NEG_Pf3D7_06_v3_973756	+
Pf3D7_06_v3	973956	973956	NEG_Pf3D7_06_v3_973956	-
Pf3D7_06_v3	974156	974156	NEG_Pf3D7_06_v3_974156	-
Pf3D7_06_v3	974356	974356	NEG_Pf3D7_06_v3_974356	-
Pf3D7_06_v3	974556	974556	NEG_Pf3D7_06_v3_974556	-
Pf3D7_06_v3	974756	974756	NEG_Pf3D7_06_v3_974756	+
Pf3D7_06_v3	1155665	1155665	NEG_Pf3D7_06_v3_1155665	-
Pf3D7_06_v3	1155865	1155865	NEG_Pf3D7_06_v3_1155865	-
Pf3D7_06_v3	1156065	1156065	NEG_Pf3D7_06_v3_1156065	-
Pf3D7_06_v3	1156265	1156265	NEG_Pf3D7_06_v3_1156265	-
Pf3D7_06_v3	1156465	1156465	NEG_Pf3D7_06_v3_1156465	-
Pf3D7_06_v3	1156665	1156665	NEG_Pf3D7_06_v3_1156665	-
Pf3D7_06_v3	1156865	1156865	NEG_Pf3D7_06_v3_1156865	-
Pf3D7_06_v3	1157065	1157065	NEG_Pf3D7_06_v3_1157065	+
Pf3D7_06_v3	1157265	1157265	NEG_Pf3D7_06_v3_1157265	+
Pf3D7_06_v3	1157465	1157465	NEG_Pf3D7_06_v3_1157465	+
Pf3D7_06_v3	1157665	1157665	NEG_Pf3D7_06_v3_1157665	+
Pf3D7_06_v3	1202996	1202996	NEG_Pf3D7_06_v3_1202996	-
Pf3D7_06_v3	1303793	1303793	NEG_Pf3D7_06_v3_1303793	+
Pf3D7_06_v3	1303993	1303993	NEG_Pf3D7_06_v3_1303993	+
Pf3D7_06_v3	1304193	1304193	NEG_Pf3D7_06_v3_1304193	-
Pf3D7_06_v3	1304393	1304393	NEG_Pf3D7_06_v3_1304393	+
Pf3D7_06_v3	1304593	1304593	NEG_Pf3D7_06_v3_1304593	-
Pf3D7_06_v3	1304793	1304793	NEG_Pf3D7_06_v3_1304793	+
Pf3D7_06_v3	1304993	1304993	NEG_Pf3D7_06_v3_1304993	-
Pf3D7_06_v3	1305193	1305193	NEG_Pf3D7_06_v3_1305193	+
Pf3D7_06_v3	1305393	1305393	NEG_Pf3D7_06_v3_1305393	-
Pf3D7_06_v3	1305593	1305593	NEG_Pf3D7_06_v3_1305593	+
Pf3D7_06_v3	1305793	1305793	NEG_Pf3D7_06_v3_1305793	+
Pf3D7_06_v3	1305993	1305993	NEG_Pf3D7_06_v3_1305993	-
Pf3D7_06_v3	1306193	1306193	NEG_Pf3D7_06_v3_1306193	-
Pf3D7_06_v3	1306393	1306393	NEG_Pf3D7_06_v3_1306393	-
Pf3D7_06_v3	1306593	1306593	NEG_Pf3D7_06_v3_1306593	+
Pf3D7_06_v3	1306793	1306793	NEG_Pf3D7_06_v3_1306793	+
Pf3D7_06_v3	1306993	1306993	NEG_Pf3D7_06_v3_1306993	-
Pf3D7_06_v3	1307193	1307193	NEG_Pf3D7_06_v3_1307193	+
Pf3D7_06_v3	1307393	1307393	NEG_Pf3D7_06_v3_1307393	-
Pf3D7_06_v3	1307593	1307593	NEG_Pf3D7_06_v3_1307593	-
Pf3D7_06_v3	1307793	1307793	NEG_Pf3D7_06_v3_1307793	+
Pf3D7_06_v3	1307993	1307993	NEG_Pf3D7_06_v3_1307993	-
Pf3D7_06_v3	1308193	1308193	NEG_Pf3D7_06_v3_1308193	+
Pf3D7_06_v3	1308393	1308393	NEG_Pf3D7_06_v3_1308393	-
Pf3D7_06_v3	1308593	1308593	NEG_Pf3D7_06_v3_1308593	+
Pf3D7_06_v3	1308793	1308793	NEG_Pf3D7_06_v3_1308793	-
Pf3D7_06_v3	1308993	1308993	NEG_Pf3D7_06_v3_1308993	-
Pf3D7_06_v3	1309193	1309193	NEG_Pf3D7_06_v3_1309193	+
Pf3D7_06_v3	1309393	1309393	NEG_Pf3D7_06_v3_1309393	-
Pf3D7_06_v3	1309593	1309593	NEG_Pf3D7_06_v3_1309593	-
Pf3D7_06_v3	1309793	1309793	NEG_Pf3D7_06_v3_1309793	-
Pf3D7_06_v3	1309993	1309993	NEG_Pf3D7_06_v3_1309993	+
Pf3D7_06_v3	1310193	1310193	NEG_Pf3D7_06_v3_1310193	-
Pf3D7_06_v3	1310393	1310393	NEG_Pf3D7_06_v3_1310393	-
Pf3D7_06_v3	1310593	1310593	NEG_Pf3D7_06_v3_1310593	+
Pf3D7_06_v3	1310793	1310793	NEG_Pf3D7_06_v3_1310793	+
Pf3D7_06_v3	1310993	1310993	NEG_Pf3D7_06_v3_1310993	+
Pf3D7_06_v3	1311193	1311193	NEG_Pf3D7_06_v3_1311193	-
Pf3D7_06_v3	1311393	1311393	NEG_Pf3D7_06_v3_1311393	-
Pf3D7_06_v3	1311593	1311593	NEG_Pf3D7_06_v3_1311593	+
Pf3D7_06_v3	1344596	1344596	NEG_Pf3D7_06_v3_1344596	+
Pf3D7_06_v3	1344796	1344796	NEG_Pf3D7_06_v3_1344796	-
Pf3D7_06_v3	1344996	1344996	NEG_Pf3D7_06_v3_1344996	+
Pf3D7_06_v3	1345196	1345196	NEG_Pf3D7_06_v3_1345196	-
Pf3D7_07_v3	317023	317023	NEG_Pf3D7_07_v3_317023	+
Pf3D7_07_v3	317223	317223	NEG_Pf3D7_07_v3_317223	-
Pf3D7_07_v3	317423	317423	NEG_Pf3D7_07_v3_317423	+
Pf3D7_07_v3	599734	599734	NEG_Pf3D7_07_v3_599734	-
Pf3D7_07_v3	599934	599934	NEG_Pf3D7_07_v3_599934	-
Pf3D7_07_v3	600134	600134	NEG_Pf3D7_07_v3_600134	+
Pf3D7_07_v3	639777	639777	NEG_Pf3D7_07_v3_639777	-
Pf3D7_07_v3	639977	639977	NEG_Pf3D7_07_v3_639977	+
Pf3D7_07_v3	640177	640177	NEG_Pf3D7_07_v3_640177	-
Pf3D7_07_v3	640377	640377	NEG_Pf3D7_07_v3_640377	-
Pf3D7_07_v3	640577	640577	NEG_Pf3D7_07_v3_640577	-
Pf3D7_07_v3	640777	640777	NEG_Pf3D7_07_v3_640777	+
Pf3D7_07_v3	640977	640977	NEG_Pf3D7_07_v3_640977	-
Pf3D7_07_v3	806740	806740	NEG_Pf3D7_07_v3_806740	+
Pf3D7_07_v3	806940	806940	NEG_Pf3D7_07_v3_806940	+
Pf3D7_07_v3	807140	807140	NEG_Pf3D7_07_v3_807140	+
Pf3D7_07_v3	807340	807340	NEG_Pf3D7_07_v3_807340	-
Pf3D7_07_v3	807540	807540	NEG_Pf3D7_07_v3_807540	+
Pf3D7_07_v3	807740	807740	NEG_Pf3D7_07_v3_807740	-
Pf3D7_07_v3	807940	807940	NEG_Pf3D7_07_v3_807940	+
Pf3D7_07_v3	808140	808140	NEG_Pf3D7_07_v3_808140	-
Pf3D7_07_v3	808340	808340	NEG_Pf3D7_07_v3_808340	+
Pf3D7_07_v3	808540	808540	NEG_Pf3D7_07_v3_808540	+
Pf3D7_07_v3	808740	808740	NEG_Pf3D7_07_v3_808740	-
Pf3D7_07_v3	808940	808940	NEG_Pf3D7_07_v3_808940	-
Pf3D7_07_v3	809140	809140	NEG_Pf3D7_07_v3_809140	-
Pf3D7_07_v3	809340	809340	NEG_Pf3D7_07_v3_809340	-
Pf3D7_07_v3	809540	809540	NEG_Pf3D7_07_v3_809540	-
Pf3D7_07_v3	809740	809740	NEG_Pf3D7_07_v3_809740	+
Pf3D7_07_v3	809940	809940	NEG_Pf3D7_07_v3_809940	-
Pf3D7_07_v3	810140	810140	NEG_Pf3D7_07_v3_810140	-
Pf3D7_07_v3	1076755	1076755	NEG_Pf3D7_07_v3_1076755	+
Pf3D7_07_v3	1291400	1291400	NEG_Pf3D7_07_v3_1291400	+
Pf3D7_07_v3	1291600	1291600	NEG_Pf3D7_07_v3_1291600	+
Pf3D7_07_v3	1291800	1291800	NEG_Pf3D7_07_v3_1291800	-
Pf3D7_07_v3	1292000	1292000	NEG_Pf3D7_07_v3_1292000	-
Pf3D7_07_v3	1292200	1292200	NEG_Pf3D7_07_v3_1292200	-
Pf3D7_07_v3	1292400	1292400	NEG_Pf3D7_07_v3_1292400	-
Pf3D7_07_v3	1292600	1292600	NEG_Pf3D7_07_v3_1292600	+
Pf3D7_07_v3	1292800	1292800	NEG_Pf3D7_07_v3_1292800	-
Pf3D7_07_v3	1293000	1293000	NEG_Pf3D7_07_v3_1293000	-
Pf3D7_07_v3	1293200	1293200	NEG_Pf3D7_07_v3_1293200	+
Pf3D7_07_v3	1293400	1293400	NEG_Pf3D7_07_v3_1293400	-
Pf3D7_07_v3	1293600	1293600	NEG_Pf3D7_07_v3_1293600	+
Pf3D7_07_v3	1293800	1293800	NEG_Pf3D7_07_v3_1293800	+
Pf3D7_07_v3	1294000	1294000	NEG_Pf3D7_07_v3_1294000	+
Pf3D7_07_v3	1294200	1294200	NEG_Pf3D7_07_v3_1294200	-
Pf3D7_07_v3	1294400	1294400	NEG_Pf3D7_07_v3_1294400	+
Pf3D7_07_v3	1294600	1294600	NEG_Pf3D7_07_v3_1294600	+
Pf3D7_07_v3	1294800	1294800	NEG_Pf3D7_07_v3_1294800	+
Pf3D7_07_v3	1295000	1295000	NEG_Pf3D7_07_v3_1295000	-
Pf3D7_07_v3	1295200	1295200	NEG_Pf3D7_07_v3_1295200	-
Pf3D7_07_v3	1295400	1295400	NEG_Pf3D7_07_v3_1295400	+
Pf3D7_07_v3	1345997	1345997	NEG_Pf3D7_07_v3_1345997	-
Pf3D7_07_v3	1346197	1346197	NEG_Pf3D7_07_v3_1346197	+
Pf3D7_07_v3	1346397	1346397	NEG_Pf3D7_07_v3_1346397	+
Pf3D7_07_v3	1346597	1346597	NEG_Pf3D7_07_v3_1346597	+
Pf3D7_07_v3	1365652	1365652	NEG_Pf3D7_07_v3_1365652	-
Pf3D7_07_v3	1365852	1365852	NEG_Pf3D7_07_v3_1365852	-
Pf3D7_07_v3	1366052	1366052	NEG_Pf3D7_07_v3_1366052	-
Pf3D7_07_v3	1374761	1374761	NEG_Pf3D7_07_v3_1374761	+
Pf3D7_07_v3	1374961	1374961	NEG_Pf3D7_07_v3_1374961	-
Pf3D7_07_v3	1375161	1375161	NEG_Pf3D7_07_v3_1375161	-
Pf3D7_07_v3	1375361	1375361	NEG_Pf3D7_07_v3_1375361	+
Pf3D7_07_v3	1375561	1375561	NEG_Pf3D7_07_v3_1375561	+
Pf3D7_07_v3	1375761	1375761	NEG_Pf3D7_07_v3_1375761	+
Pf3D7_07_v3	1375961	1375961	NEG_Pf3D7_07_v3_1375961	-
Pf3D7_07_v3	1376161	1376161	NEG_Pf3D7_07_v3_1376161	+
Pf3D7_07_v3	1376361	1376361	NEG_Pf3D7_07_v3_1376361	+
Pf3D7_07_v3	1376561	1376561	NEG_Pf3D7_07_v3_1376561	-
Pf3D7_07_v3	1394044	1394044	NEG_Pf3D7_07_v3_1394044	+
Pf3D7_07_v3	1394244	1394244	NEG_Pf3D7_07_v3_1394244	+
Pf3D7_08_v3	73786	73786	NEG_Pf3D7_08_v3_73786	-
Pf3D7_08_v3	73986	73986	NEG_Pf3D7_08_v3_73986	+
Pf3D7_08_v3	74186	74186	NEG_Pf3D7_08_v3_74186	+
Pf3D7_08_v3	74386	74386	NEG_Pf3D7_08_v3_74386	-
Pf3D7_08_v3	161669	161669	NEG_Pf3D7_08_v3_161669	-
Pf3D7_08_v3	161869	161869	NEG_Pf3D7_08_v3_161869	-
Pf3D7_08_v3	162069	162069	NEG_Pf3D7_08_v3_162069	+
Pf3D7_08_v3	298872	298872	NEG_Pf3D7_08_v3_298872	-
Pf3D7_08_v3	299072	299072	NEG_Pf3D7_08_v3_299072	-
Pf3D7_08_v3	299272	299272	NEG_Pf3D7_08_v3_299272	+
Pf3D7_08_v3	299472	299472	NEG_Pf3D7_08_v3_299472	-
Pf3D7_08_v3	299672	299672	NEG_Pf3D7_08_v3_299672	+
Pf3D7_08_v3	299872	299872	NEG_Pf3D7_08_v3_299872	-
Pf3D7_08_v3	300072	300072	NEG_Pf3D7_08_v3_300072	-
Pf3D7_08_v3	300272	300272	NEG_Pf3D7_08_v3_300272	+
Pf3D7_08_v3	300472	300472	NEG_Pf3D7_08_v3_300472	-
Pf3D7_08_v3	300672	300672	NEG_Pf3D7_08_v3_300672	+
Pf3D7_08_v3	300872	300872	NEG_Pf3D7_08_v3_300872	-
Pf3D7_08_v3	301072	301072	NEG_Pf3D7_08_v3_301072	-
Pf3D7_08_v3	301272	301272	NEG_Pf3D7_08_v3_301272	-
Pf3D7_08_v3	514429	514429	NEG_Pf3D7_08_v3_514429	-
Pf3D7_08_v3	514629	514629	NEG_Pf3D7_08_v3_514629	-
Pf3D7_08_v3	514829	514829	NEG_Pf3D7_08_v3_514829	-
Pf3D7_08_v3	515029	515029	NEG_Pf3D7_08_v3_515029	+
Pf3D7_08_v3	515229	515229	NEG_Pf3D7_08_v3_515229	-
Pf3D7_08_v3	529605	529605	NEG_Pf3D7_08_v3_529605	+
Pf3D7_08_v3	529805	529805	NEG_Pf3D7_08_v3_529805	-
Pf3D7_08_v3	530005	530005	NEG_Pf3D7_08_v3_530005	-
Pf3D7_08_v3	530205	530205	NEG_Pf3D7_08_v3_530205	+
Pf3D7_08_v3	791617	791617	NEG_Pf3D7_08_v3_791617	-
Pf3D7_08_v3	791817	791817	NEG_Pf3D7_08_v3_791817	+
Pf3D7_08_v3	792017	792017	NEG_Pf3D7_08_v3_792017	+
Pf3D7_08_v3	792217	792217	NEG_Pf3D7_08_v3_792217	+
Pf3D7_08_v3	819103	819103	NEG_Pf3D7_08_v3_819103	-
Pf3D7_08_v3	819303	819303	NEG_Pf3D7_08_v3_819303	+
Pf3D7_08_v3	916250	916250	NEG_Pf3D7_08_v3_916250	+
Pf3D7_08_v3	1025847	1025847	NEG_Pf3D7_08_v3_1025847	+
Pf3D7_08_v3	1300329	1300329	NEG_Pf3D7_08_v3_1300329	-
Pf3D7_08_v3	1300529	1300529	NEG_Pf3D7_08_v3_1300529	+
Pf3D7_08_v3	1347488	1347488	NEG_Pf3D7_08_v3_1347488	-
Pf3D7_08_v3	1347688	1347688	NEG_Pf3D7_08_v3_1347688	+
Pf3D7_08_v3	1347888	1347888	NEG_Pf3D7_08_v3_1347888	+
Pf3D7_08_v3	1348088	1348088	NEG_Pf3D7_08_v3_1348088	-
Pf3D7_08_v3	1348288	1348288	NEG_Pf3D7_08_v3_1348288	+
Pf3D7_08_v3	1348488	1348488	NEG_Pf3D7_08_v3_1348488	+
Pf3D7_08_v3	1348688	1348688	NEG_Pf3D7_08_v3_1348688	-
Pf3D7_08_v3	1348888	1348888	NEG_Pf3D7_08_v3_1348888	-
Pf3D7_08_v3	1349088	1349088	NEG_Pf3D7_08_v3_1349088	+
Pf3D7_08_v3	1349288	1349288	NEG_Pf3D7_08_v3_1349288	-
Pf3D7_08_v3	1349488	1349488	NEG_Pf3D7_08_v3_1349488	+
Pf3D7_08_v3	1349688	1349688	NEG_Pf3D7_08_v3_1349688	+
Pf3D7_08_v3	1349888	1349888	NEG_Pf3D7_08_v3_1349888	+
Pf3D7_08_v3	1350088	1350088	NEG_Pf3D7_08_v3_1350088	-
Pf3D7_08_v3	1350288	1350288	NEG_Pf3D7_08_v3_1350288	-
Pf3D7_08_v3	1369507	1369507	NEG_Pf3D7_08_v3_1369507	-
Pf3D7_08_v3	1369707	1369707	NEG_Pf3D7_08_v3_1369707	+
Pf3D7_08_v3	1377930	1377930	NEG_Pf3D7_08_v3_1377930	-
Pf3D7_08_v3	1378130	1378130	NEG_Pf3D7_08_v3_1378130	+
Pf3D7_08_v3	1378330	1378330	NEG_Pf3D7_08_v3_1378330	-
Pf3D7_08_v3	1424078	1424078	NEG_Pf3D7_08_v3_1424078	+
Pf3D7_08_v3	1424278	1424278	NEG_Pf3D7_08_v3_1424278	+
Pf3D7_08_v3	1424478	1424478	NEG_Pf3D7_08_v3_1424478	-
Pf3D7_09_v3	36796	36796	NEG_Pf3D7_09_v3_36796	-
Pf3D7_09_v3	36996	36996	NEG_Pf3D7_09_v3_36996	-
Pf3D7_09_v3	37196	37196	NEG_Pf3D7_09_v3_37196	+
Pf3D7_09_v3	37396	37396	NEG_Pf3D7_09_v3_37396	-
Pf3D7_09_v3	325343	325343	NEG_Pf3D7_09_v3_325343	-
Pf3D7_09_v3	325543	325543	NEG_Pf3D7_09_v3_325543	+
Pf3D7_09_v3	325743	325743	NEG_Pf3D7_09_v3_325743	+
Pf3D7_09_v3	325943	325943	NEG_Pf3D7_09_v3_325943	-
Pf3D7_09_v3	326143	326143	NEG_Pf3D7_09_v3_326143	+
Pf3D7_09_v3	326343	326343	NEG_Pf3D7_09_v3_326343	+
Pf3D7_09_v3	326543	326543	NEG_Pf3D7_09_v3_326543	+
Pf3D7_09_v3	326743	326743	NEG_Pf3D7_09_v3_326743	-
Pf3D7_09_v3	326943	326943	NEG_Pf3D7_09_v3_326943	-
Pf3D7_09_v3	327143	327143	NEG_Pf3D7_09_v3_327143	-
Pf3D7_09_v3	327343	327343	NEG_Pf3D7_09_v3_327343	-
Pf3D7_09_v3	327543	327543	NEG_Pf3D7_09_v3_327543	+
Pf3D7_09_v3	327743	327743	NEG_Pf3D7_09_v3_327743	-
Pf3D7_09_v3	327943	327943	NEG_Pf3D7_09_v3_327943	+
Pf3D7_09_v3	328143	328143	NEG_Pf3D7_09_v3_328143	-
Pf3D7_09_v3	328343	328343	NEG_Pf3D7_09_v3_328343	-
Pf3D7_09_v3	700030	700030	NEG_Pf3D7_09_v3_700030	+
Pf3D7_09_v3	700230	700230	NEG_Pf3D7_09_v3_700230	-
Pf3D7_09_v3	700430	700430	NEG_Pf3D7_09_v3_700430	+
Pf3D7_09_v3	700630	700630	NEG_Pf3D7_09_v3_700630	+
Pf3D7_09_v3	700830	700830	NEG_Pf3D7_09_v3_700830	-
Pf3D7_09_v3	701030	701030	NEG_Pf3D7_09_v3_701030	+
Pf3D7_09_v3	970070	970070	NEG_Pf3D7_09_v3_970070	+
Pf3D7_09_v3	970270	970270	NEG_Pf3D7_09_v3_970270	-
Pf3D7_09_v3	970470	970470	NEG_Pf3D7_09_v3_970470	+
Pf3D7_09_v3	1059817	1059817	NEG_Pf3D7_09_v3_1059817	+
Pf3D7_09_v3	1060017	1060017	NEG_Pf3D7_09_v3_1060017	-
Pf3D7_09_v3	1060217	1060217	NEG_Pf3D7_09_v3_1060217	-
Pf3D7_09_v3	1060417	1060417	NEG_Pf3D7_09_v3_1060417	+
Pf3D7_09_v3	1102832	1102832	NEG_Pf3D7_09_v3_1102832	-
Pf3D7_09_v3	1103032	1103032	NEG_Pf3D7_09_v3_1103032	+
Pf3D7_09_v3	1103232	1103232	NEG_Pf3D7_09_v3_1103232	+
Pf3D7_09_v3	1103432	1103432	NEG_Pf3D7_09_v3_1103432	+
Pf3D7_09_v3	1103632	1103632	NEG_Pf3D7_09_v3_1103632	+
Pf3D7_09_v3	1103832	1103832	NEG_Pf3D7_09_v3_1103832	+
Pf3D7_09_v3	1104032	1104032	NEG_Pf3D7_09_v3_1104032	-
Pf3D7_09_v3	1104232	1104232	NEG_Pf3D7_09_v3_1104232	+
Pf3D7_09_v3	1104432	1104432	NEG_Pf3D7_09_v3_1104432	+
Pf3D7_09_v3	1104632	1104632	NEG_Pf3D7_09_v3_1104632	-
Pf3D7_09_v3	1104832	1104832	NEG_Pf3D7_09_v3_1104832	+
Pf3D7_09_v3	1105032	1105032	NEG_Pf3D7_09_v3_1105032	-
Pf3D7_09_v3	1241913	1241913	NEG_Pf3D7_09_v3_1241913	-
Pf3D7_09_v3	1242113	1242113	NEG_Pf3D7_09_v3_1242113	+
Pf3D7_09_v3	1242313	1242313	NEG_Pf3D7_09_v3_1242313	+
Pf3D7_09_v3	1242513	1242513	NEG_Pf3D7_09_v3_1242513	+
Pf3D7_09_v3	1242713	1242713	NEG_Pf3D7_09_v3_1242713	+
Pf3D7_09_v3	1242913	1242913	NEG_Pf3D7_09_v3_1242913	+
Pf3D7_09_v3	1243113	1243113	NEG_Pf3D7_09_v3_1243113	+
Pf3D7_09_v3	1243313	1243313	NEG_Pf3D7_09_v3_1243313	+
Pf3D7_09_v3	1243513	1243513	NEG_Pf3D7_09_v3_1243513	-
Pf3D7_09_v3	1243713	1243713	NEG_Pf3D7_09_v3_1243713	+
Pf3D7_09_v3	1243913	1243913	NEG_Pf3D7_09_v3_1243913	+
Pf3D7_09_v3	1244113	1244113	NEG_Pf3D7_09_v3_1244113	+
Pf3D7_09_v3	1244313	1244313	NEG_Pf3D7_09_v3_1244313	-
Pf3D7_09_v3	1244513	1244513	NEG_Pf3D7_09_v3_1244513	+
Pf3D7_09_v3	1244713	1244713	NEG_Pf3D7_09_v3_1244713	-
Pf3D7_09_v3	1244913	1244913	NEG_Pf3D7_09_v3_1244913	-
Pf3D7_09_v3	1245113	1245113	NEG_Pf3D7_09_v3_1245113	-
Pf3D7_09_v3	1382711	1382711	NEG_Pf3D7_09_v3_1382711	+
Pf3D7_09_v3	1382911	1382911	NEG_Pf3D7_09_v3_1382911	-
Pf3D7_09_v3	1383111	1383111	NEG_Pf3D7_09_v3_1383111	+
Pf3D7_09_v3	1383311	1383311	NEG_Pf3D7_09_v3_1383311	-
Pf3D7_09_v3	1383511	1383511	NEG_Pf3D7_09_v3_1383511	-
Pf3D7_09_v3	1383711	1383711	NEG_Pf3D7_09_v3_1383711	+
Pf3D7_09_v3	1383911	1383911	NEG_Pf3D7_09_v3_1383911	+
Pf3D7_09_v3	1384111	1384111	NEG_Pf3D7_09_v3_1384111	-
Pf3D7_09_v3	1384311	1384311	NEG_Pf3D7_09_v3_1384311	-
Pf3D7_09_v3	1384511	1384511	NEG_Pf3D7_09_v3_1384511	-
Pf3D7_09_v3	1384711	1384711	NEG_Pf3D7_09_v3_1384711	-
Pf3D7_09_v3	1384911	1384911	NEG_Pf3D7_09_v3_1384911	+
Pf3D7_09_v3	1385111	1385111	NEG_Pf3D7_09_v3_1385111	-
Pf3D7_09_v3	1385311	1385311	NEG_Pf3D7_09_v3_1385311	+
Pf3D7_09_v3	1385511	1385511	NEG_Pf3D7_09_v3_1385511	-
Pf3D7_09_v3	1385711	1385711	NEG_Pf3D7_09_v3_1385711	+
Pf3D7_09_v3	1385911	1385911	NEG_Pf3D7_09_v3_1385911	+
Pf3D7_09_v3	1386111	1386111	NEG_Pf3D7_09_v3_1386111	-
Pf3D7_09_v3	1386311	1386311	NEG_Pf3D7_09_v3_1386311	+
Pf3D7_09_v3	1386511	1386511	NEG_Pf3D7_09_v3_1386511	-
Pf3D7_09_v3	1386711	1386711	NEG_Pf3D7_09_v3_1386711	-
Pf3D7_09_v3	1386911	1386911	NEG_Pf3D7_09_v3_1386911	+
Pf3D7_09_v3	1393437	1393437	NEG_Pf3D7_09_v3_1393437	+
Pf3D7_09_v3	1393637	1393637	NEG_Pf3D7_09_v3_1393637	+
Pf3D7_09_v3	1393837	1393837	NEG_Pf3D7_09_v3_1393837	+
Pf3D7_09_v3	1394037	1394037	NEG_Pf3D7_09_v3_1394037	+
Pf3D7_09_v3	1394237	1394237	NEG_Pf3D7_09_v3_1394237	-
Pf3D7_09_v3	1394437	1394437	NEG_Pf3D7_09_v3_1394437	-
Pf3D7_09_v3	1394637	1394637	NEG_Pf3D7_09_v3_1394637	+
Pf3D7_09_v3	1394837	1394837	NEG_Pf3D7_09_v3_1394837	+
Pf3D7_09_v3	1395037	1395037	NEG_Pf3D7_09_v3_1395037	+
Pf3D7_09_v3	1395237	1395237	NEG_Pf3D7_09_v3_1395237	-
Pf3D7_09_v3	1395437	1395437	NEG_Pf3D7_09_v3_1395437	+
Pf3D7_09_v3	1395637	1395637	NEG_Pf3D7_09_v3_1395637	+
Pf3D7_09_v3	1395837	1395837	NEG_Pf3D7_09_v3_1395837	+
Pf3D7_09_v3	1396037	1396037	NEG_Pf3D7_09_v3_1396037	+
Pf3D7_09_v3	1396237	1396237	NEG_Pf3D7_09_v3_1396237	+
Pf3D7_09_v3	1396437	1396437	NEG_Pf3D7_09_v3_1396437	+
Pf3D7_09_v3	1396637	1396637	NEG_Pf3D7_09_v3_1396637	-
Pf3D7_09_v3	1396837	1396837	NEG_Pf3D7_09_v3_1396837	-
Pf3D7_09_v3	1397037	1397037	NEG_Pf3D7_09_v3_1397037	+
Pf3D7_09_v3	1397237	1397237	NEG_Pf3D7_09_v3_1397237	+
Pf3D7_09_v3	1397437	1397437	NEG_Pf3D7_09_v3_1397437	-
Pf3D7_09_v3	1397637	1397637	NEG_Pf3D7_09_v3_1397637	+
Pf3D7_09_v3	1397837	1397837	NEG_Pf3D7_09_v3_1397837	+
Pf3D7_09_v3	1398037	1398037	NEG_Pf3D7_09_v3_1398037	-
Pf3D7_09_v3	1398237	1398237	NEG_Pf3D7_09_v3_1398237	+
Pf3D7_09_v3	1398437	1398437	NEG_Pf3D7_09_v3_1398437	+
Pf3D7_09_v3	1398637	1398637	NEG_Pf3D7_09_v3_1398637	+
Pf3D7_09_v3	1424808	1424808	NEG_Pf3D7_09_v3_1424808	+
Pf3D7_09_v3	1425008	1425008	NEG_Pf3D7_09_v3_1425008	+
Pf3D7_09_v3	1425208	1425208	NEG_Pf3D7_09_v3_1425208	+
Pf3D7_09_v3	1425408	1425408	NEG_Pf3D7_09_v3_1425408	+
Pf3D7_09_v3	1425608	1425608	NEG_Pf3D7_09_v3_1425608	+
Pf3D7_09_v3	1450517	1450517	NEG_Pf3D7_09_v3_1450517	-
Pf3D7_09_v3	1450717	1450717	NEG_Pf3D7_09_v3_1450717	+
Pf3D7_09_v3	1450917	1450917	NEG_Pf3D7_09_v3_1450917	+
Pf3D7_09_v3	1451117	1451117	NEG_Pf3D7_09_v3_1451117	+
Pf3D7_09_v3	1451317	1451317	NEG_Pf3D7_09_v3_1451317	+
Pf3D7_09_v3	1451517	1451517	NEG_Pf3D7_09_v3_1451517	-
Pf3D7_09_v3	1451717	1451717	NEG_Pf3D7_09_v3_1451717	-
Pf3D7_09_v3	1451917	1451917	NEG_Pf3D7_09_v3_1451917	-
Pf3D7_09_v3	1452117	1452117	NEG_Pf3D7_09_v3_1452117	+
Pf3D7_09_v3	1452317	1452317	NEG_Pf3D7_09_v3_1452317	-
Pf3D7_10_v3	204845	204845	NEG_Pf3D7_10_v3_204845	+
Pf3D7_10_v3	307920	307920	NEG_Pf3D7_10_v3_307920	+
Pf3D7_10_v3	308120	308120	NEG_Pf3D7_10_v3_308120	+
Pf3D7_10_v3	308320	308320	NEG_Pf3D7_10_v3_308320	-
Pf3D7_10_v3	308520	308520	NEG_Pf3D7_10_v3_308520	+
Pf3D7_10_v3	308720	308720	NEG_Pf3D7_10_v3_308720	-
Pf3D7_10_v3	308920	308920	NEG_Pf3D7_10_v3_308920	+
Pf3D7_10_v3	309120	309120	NEG_Pf3D7_10_v3_309120	+
Pf3D7_10_v3	309320	309320	NEG_Pf3D7_10_v3_309320	-
Pf3D7_10_v3	508393	508393	NEG_Pf3D7_10_v3_508393	-
Pf3D7_10_v3	508593	508593	NEG_Pf3D7_10_v3_508593	+
Pf3D7_10_v3	508793	508793	NEG_Pf3D7_10_v3_508793	-
Pf3D7_10_v3	508993	508993	NEG_Pf3D7_10_v3_508993	+
Pf3D7_10_v3	524253	524253	NEG_Pf3D7_10_v3_524253	-
Pf3D7_10_v3	524453	524453	NEG_Pf3D7_10_v3_524453	+
Pf3D7_10_v3	524653	524653	NEG_Pf3D7_10_v3_524653	-
Pf3D7_10_v3	678418	678418	NEG_Pf3D7_10_v3_678418	-
Pf3D7_10_v3	678618	678618	NEG_Pf3D7_10_v3_678618	+
Pf3D7_10_v3	678818	678818	NEG_Pf3D7_10_v3_678818	+
Pf3D7_10_v3	679018	679018	NEG_Pf3D7_10_v3_679018	-
Pf3D7_10_v3	679218	679218	NEG_Pf3D7_10_v3_679218	-
Pf3D7_10_v3	679418	679418	NEG_Pf3D7_10_v3_679418	-
Pf3D7_10_v3	679618	679618	NEG_Pf3D7_10_v3_679618	-
Pf3D7_10_v3	679818	679818	NEG_Pf3D7_10_v3_679818	-
Pf3D7_10_v3	680018	680018	NEG_Pf3D7_10_v3_680018	+
Pf3D7_10_v3	782488	782488	NEG_Pf3D7_10_v3_782488	+
Pf3D7_10_v3	782688	782688	NEG_Pf3D7_10_v3_782688	+
Pf3D7_10_v3	782888	782888	NEG_Pf3D7_10_v3_782888	+
Pf3D7_10_v3	783088	783088	NEG_Pf3D7_10_v3_783088	-
Pf3D7_10_v3	783288	783288	NEG_Pf3D7_10_v3_783288	-
Pf3D7_10_v3	783488	783488	NEG_Pf3D7_10_v3_783488	+
Pf3D7_10_v3	783688	783688	NEG_Pf3D7_10_v3_783688	+
Pf3D7_10_v3	783888	783888	NEG_Pf3D7_10_v3_783888	+
Pf3D7_10_v3	914346	914346	NEG_Pf3D7_10_v3_914346	-
Pf3D7_10_v3	914546	914546	NEG_Pf3D7_10_v3_914546	-
Pf3D7_10_v3	914746	914746	NEG_Pf3D7_10_v3_914746	-
Pf3D7_10_v3	914946	914946	NEG_Pf3D7_10_v3_914946	+
Pf3D7_10_v3	915146	915146	NEG_Pf3D7_10_v3_915146	+
Pf3D7_10_v3	915346	915346	NEG_Pf3D7_10_v3_915346	-
Pf3D7_10_v3	915546	915546	NEG_Pf3D7_10_v3_915546	+
Pf3D7_10_v3	915746	915746	NEG_Pf3D7_10_v3_915746	-
Pf3D7_10_v3	915946	915946	NEG_Pf3D7_10_v3_915946	+
Pf3D7_10_v3	916146	916146	NEG_Pf3D7_10_v3_916146	+
Pf3D7_10_v3	916346	916346	NEG_Pf3D7_10_v3_916346	-
Pf3D7_10_v3	936658	936658	NEG_Pf3D7_10_v3_936658	-
Pf3D7_10_v3	936858	936858	NEG_Pf3D7_10_v3_936858	-
Pf3D7_10_v3	937058	937058	NEG_Pf3D7_10_v3_937058	-
Pf3D7_10_v3	937258	937258	NEG_Pf3D7_10_v3_937258	+
Pf3D7_10_v3	937458	937458	NEG_Pf3D7_10_v3_937458	-
Pf3D7_10_v3	937658	937658	NEG_Pf3D7_10_v3_937658	-
Pf3D7_10_v3	937858	937858	NEG_Pf3D7_10_v3_937858	+
Pf3D7_10_v3	1009462	1009462	NEG_Pf3D7_10_v3_1009462	+
Pf3D7_10_v3	1009662	1009662	NEG_Pf3D7_10_v3_1009662	-
Pf3D7_10_v3	1009862	1009862	NEG_Pf3D7_10_v3_1009862	+
Pf3D7_10_v3	1010062	1010062	NEG_Pf3D7_10_v3_1010062	+
Pf3D7_10_v3	1010262	1010262	NEG_Pf3D7_10_v3_1010262	-
Pf3D7_10_v3	1010462	1010462	NEG_Pf3D7_10_v3_1010462	+
Pf3D7_10_v3	1010662	1010662	NEG_Pf3D7_10_v3_1010662	-
Pf3D7_10_v3	1010862	1010862	NEG_Pf3D7_10_v3_1010862	+
Pf3D7_10_v3	1011062	1011062	NEG_Pf3D7_10_v3_1011062	+
Pf3D7_10_v3	1011262	1011262	NEG_Pf3D7_10_v3_1011262	-
Pf3D7_10_v3	1011462	1011462	NEG_Pf3D7_10_v3_1011462	+
Pf3D7_10_v3	1011662	1011662	NEG_Pf3D7_10_v3_1011662	+
Pf3D7_10_v3	1011862	1011862	NEG_Pf3D7_10_v3_1011862	-
Pf3D7_10_v3	1012062	1012062	NEG_Pf3D7_10_v3_1012062	-
Pf3D7_10_v3	1012262	1012262	NEG_Pf3D7_10_v3_1012262	-
Pf3D7_10_v3	1012462	1012462	NEG_Pf3D7_10_v3_1012462	+
Pf3D7_10_v3	1239003	1239003	NEG_Pf3D7_10_v3_1239003	+
Pf3D7_10_v3	1239203	1239203	NEG_Pf3D7_10_v3_1239203	-
Pf3D7_10_v3	1239403	1239403	NEG_Pf3D7_10_v3_1239403	-
Pf3D7_10_v3	1239603	1239603	NEG_Pf3D7_10_v3_1239603	+
Pf3D7_10_v3	1330437	1330437	NEG_Pf3D7_10_v3_1330437	-
Pf3D7_10_v3	1330637	1330637	NEG_Pf3D7_10_v3_1330637	+
Pf3D7_10_v3	1330837	1330837	NEG_Pf3D7_10_v3_1330837	+
Pf3D7_10_v3	1331037	1331037	NEG_Pf3D7_10_v3_1331037	-
Pf3D7_10_v3	1331237	1331237	NEG_Pf3D7_10_v3_1331237	-
Pf3D7_10_v3	1331437	1331437	NEG_Pf3D7_10_v3_1331437	+
Pf3D7_10_v3	1331637	1331637	NEG_Pf3D7_10_v3_1331637	-
Pf3D7_10_v3	1331837	1331837	NEG_Pf3D7_10_v3_1331837	-
Pf3D7_10_v3	1332037	1332037	NEG_Pf3D7_10_v3_1332037	-
Pf3D7_10_v3	1332237	1332237	NEG_Pf3D7_10_v3_1332237	+
Pf3D7_10_v3	1332437	1332437	NEG_Pf3D7_10_v3_1332437	+
Pf3D7_10_v3	1460007	1460007	NEG_Pf3D7_10_v3_1460007	-
Pf3D7_10_v3	1460207	1460207	NEG_Pf3D7_10_v3_1460207	+
Pf3D7_10_v3	1516417	1516417	NEG_Pf3D7_10_v3_1516417	-
Pf3D7_10_v3	1516617	1516617	NEG_Pf3D7_10_v3_1516617	+
Pf3D7_10_v3	1516817	1516817	NEG_Pf3D7_10_v3_1516817	-
Pf3D7_10_v3	1517017	1517017	NEG_Pf3D7_10_v3_1517017	+
Pf3D7_10_v3	1582760	1582760	NEG_Pf3D7_10_v3_1582760	-
Pf3D7_10_v3	1582960	1582960	NEG_Pf3D7_10_v3_1582960	-
Pf3D7_10_v3	1583160	1583160	NEG_Pf3D7_10_v3_1583160	+
Pf3D7_10_v3	1583360	1583360	NEG_Pf3D7_10_v3_1583360	+
Pf3D7_10_v3	1583560	1583560	NEG_Pf3D7_10_v3_1583560	-
Pf3D7_10_v3	1583760	1583760	NEG_Pf3D7_10_v3_1583760	+
Pf3D7_10_v3	1583960	1583960	NEG_Pf3D7_10_v3_1583960	+
Pf3D7_10_v3	1584160	1584160	NEG_Pf3D7_10_v3_1584160	+
Pf3D7_10_v3	1584360	1584360	NEG_Pf3D7_10_v3_1584360	+
Pf3D7_10_v3	1584560	1584560	NEG_Pf3D7_10_v3_1584560	-
Pf3D7_10_v3	1584760	1584760	NEG_Pf3D7_10_v3_1584760	+
Pf3D7_10_v3	1584960	1584960	NEG_Pf3D7_10_v3_1584960	-
Pf3D7_11_v3	92875	92875	NEG_Pf3D7_11_v3_92875	-
Pf3D7_11_v3	93075	93075	NEG_Pf3D7_11_v3_93075	-
Pf3D7_11_v3	93275	93275	NEG_Pf3D7_11_v3_93275	+
Pf3D7_11_v3	93475	93475	NEG_Pf3D7_11_v3_93475	+
Pf3D7_11_v3	93675	93675	NEG_Pf3D7_11_v3_93675	+
Pf3D7_11_v3	93875	93875	NEG_Pf3D7_11_v3_93875	-
Pf3D7_11_v3	94075	94075	NEG_Pf3D7_11_v3_94075	-
Pf3D7_11_v3	94275	94275	NEG_Pf3D7_11_v3_94275	-
Pf3D7_11_v3	94475	94475	NEG_Pf3D7_11_v3_94475	-
Pf3D7_11_v3	94675	94675	NEG_Pf3D7_11_v3_94675	+
Pf3D7_11_v3	94875	94875	NEG_Pf3D7_11_v3_94875	-
Pf3D7_11_v3	95075	95075	NEG_Pf3D7_11_v3_95075	-
Pf3D7_11_v3	95275	95275	NEG_Pf3D7_11_v3_95275	-
Pf3D7_11_v3	95475	95475	NEG_Pf3D7_11_v3_95475	+
Pf3D7_11_v3	95675	95675	NEG_Pf3D7_11_v3_95675	-
Pf3D7_11_v3	95875	95875	NEG_Pf3D7_11_v3_95875	+
Pf3D7_11_v3	96075	96075	NEG_Pf3D7_11_v3_96075	-
Pf3D7_11_v3	96275	96275	NEG_Pf3D7_11_v3_96275	+
Pf3D7_11_v3	96475	96475	NEG_Pf3D7_11_v3_96475	-
Pf3D7_11_v3	96675	96675	NEG_Pf3D7_11_v3_96675	+
Pf3D7_11_v3	96875	96875	NEG_Pf3D7_11_v3_96875	+
Pf3D7_11_v3	97075	97075	NEG_Pf3D7_11_v3_97075	+
Pf3D7_11_v3	97275	97275	NEG_Pf3D7_11_v3_97275	+
Pf3D7_11_v3	97475	97475	NEG_Pf3D7_11_v3_97475	+
Pf3D7_11_v3	97675	97675	NEG_Pf3D7_11_v3_97675	+
Pf3D7_11_v3	97875	97875	NEG_Pf3D7_11_v3_97875	+
Pf3D7_11_v3	98075	98075	NEG_Pf3D7_11_v3_98075	+
Pf3D7_11_v3	98275	98275	NEG_Pf3D7_11_v3_98275	-
Pf3D7_11_v3	98475	98475	NEG_Pf3D7_11_v3_98475	-
Pf3D7_11_v3	98675	98675	NEG_Pf3D7_11_v3_98675	+
Pf3D7_11_v3	98875	98875	NEG_Pf3D7_11_v3_98875	-
Pf3D7_11_v3	99075	99075	NEG_Pf3D7_11_v3_99075	+
Pf3D7_11_v3	99275	99275	NEG_Pf3D7_11_v3_99275	+
Pf3D7_11_v3	99475	99475	NEG_Pf3D7_11_v3_99475	-
Pf3D7_11_v3	99675	99675	NEG_Pf3D7_11_v3_99675	+
Pf3D7_11_v3	99875	99875	NEG_Pf3D7_11_v3_99875	+
Pf3D7_11_v3	100075	100075	NEG_Pf3D7_11_v3_100075	-
Pf3D7_11_v3	100275	100275	NEG_Pf3D7_11_v3_100275	-
Pf3D7_11_v3	100475	100475	NEG_Pf3D7_11_v3_100475	-
Pf3D7_11_v3	100675	100675	NEG_Pf3D7_11_v3_100675	-
Pf3D7_11_v3	100875	100875	NEG_Pf3D7_11_v3_100875	-
Pf3D7_11_v3	101075	101075	NEG_Pf3D7_11_v3_101075	+
Pf3D7_11_v3	101275	101275	NEG_Pf3D7_11_v3_101275	+
Pf3D7_11_v3	101475	101475	NEG_Pf3D7_11_v3_101475	-
Pf3D7_11_v3	101675	101675	NEG_Pf3D7_11_v3_101675	-
Pf3D7_11_v3	101875	101875	NEG_Pf3D7_11_v3_101875	-
Pf3D7_11_v3	102075	102075	NEG_Pf3D7_11_v3_102075	+
Pf3D7_11_v3	102275	102275	NEG_Pf3D7_11_v3_102275	+
Pf3D7_11_v3	313288	313288	NEG_Pf3D7_11_v3_313288	-
Pf3D7_11_v3	313488	313488	NEG_Pf3D7_11_v3_313488	-
Pf3D7_11_v3	313688	313688	NEG_Pf3D7_11_v3_313688	-
Pf3D7_11_v3	313888	313888	NEG_Pf3D7_11_v3_313888	-
Pf3D7_11_v3	314088	314088	NEG_Pf3D7_11_v3_314088	+
Pf3D7_11_v3	314288	314288	NEG_Pf3D7_11_v3_314288	+
Pf3D7_11_v3	314488	314488	NEG_Pf3D7_11_v3_314488	+
Pf3D7_11_v3	314688	314688	NEG_Pf3D7_11_v3_314688	-
Pf3D7_11_v3	314888	314888	NEG_Pf3D7_11_v3_314888	-
Pf3D7_11_v3	315088	315088	NEG_Pf3D7_11_v3_315088	-
Pf3D7_11_v3	315288	315288	NEG_Pf3D7_11_v3_315288	-
Pf3D7_11_v3	315488	315488	NEG_Pf3D7_11_v3_315488	-
Pf3D7_11_v3	315688	315688	NEG_Pf3D7_11_v3_315688	+
Pf3D7_11_v3	337602	337602	NEG_Pf3D7_11_v3_337602	+
Pf3D7_11_v3	337802	337802	NEG_Pf3D7_11_v3_337802	+
Pf3D7_11_v3	338002	338002	NEG_Pf3D7_11_v3_338002	-
Pf3D7_11_v3	338202	338202	NEG_Pf3D7_11_v3_338202	-
Pf3D7_11_v3	338402	338402	NEG_Pf3D7_11_v3_338402	-
Pf3D7_11_v3	338602	338602	NEG_Pf3D7_11_v3_338602	-
Pf3D7_11_v3	338802	338802	NEG_Pf3D7_11_v3_338802	-
Pf3D7_11_v3	339002	339002	NEG_Pf3D7_11_v3_339002	+
Pf3D7_11_v3	339202	339202	NEG_Pf3D7_11_v3_339202	+
Pf3D7_11_v3	339402	339402	NEG_Pf3D7_11_v3_339402	+
Pf3D7_11_v3	339602	339602	NEG_Pf3D7_11_v3_339602	-
Pf3D7_11_v3	339802	339802	NEG_Pf3D7_11_v3_339802	+
Pf3D7_11_v3	340002	340002	NEG_Pf3D7_11_v3_340002	+
Pf3D7_11_v3	340202	340202	NEG_Pf3D7_11_v3_340202	-
Pf3D7_11_v3	340402	340402	NEG_Pf3D7_11_v3_340402	+
Pf3D7_11_v3	340602	340602	NEG_Pf3D7_11_v3_340602	-
Pf3D7_11_v3	340802	340802	NEG_Pf3D7_11_v3_340802	+
Pf3D7_11_v3	341002	341002	NEG_Pf3D7_11_v3_341002	+
Pf3D7_11_v3	341202	341202	NEG_Pf3D7_11_v3_341202	-
Pf3D7_11_v3	341402	341402	NEG_Pf3D7_11_v3_341402	-
Pf3D7_11_v3	341602	341602	NEG_Pf3D7_11_v3_341602	-
Pf3D7_11_v3	341802	341802	NEG_Pf3D7_11_v3_341802	-
Pf3D7_11_v3	513762	513762	NEG_Pf3D7_11_v3_513762	-
Pf3D7_11_v3	513962	513962	NEG_Pf3D7_11_v3_513962	-
Pf3D7_11_v3	514162	514162	NEG_Pf3D7_11_v3_514162	+
Pf3D7_11_v3	514362	514362	NEG_Pf3D7_11_v3_514362	+
Pf3D7_11_v3	514562	514562	NEG_Pf3D7_11_v3_514562	+
Pf3D7_11_v3	831314	831314	NEG_Pf3D7_11_v3_831314	-
Pf3D7_11_v3	831514	831514	NEG_Pf3D7_11_v3_831514	-
Pf3D7_11_v3	831714	831714	NEG_Pf3D7_11_v3_831714	-
Pf3D7_11_v3	831914	831914	NEG_Pf3D7_11_v3_831914	-
Pf3D7_11_v3	832114	832114	NEG_Pf3D7_11_v3_832114	+
Pf3D7_11_v3	832314	832314	NEG_Pf3D7_11_v3_832314	+
Pf3D7_11_v3	832514	832514	NEG_Pf3D7_11_v3_832514	-
Pf3D7_11_v3	832714	832714	NEG_Pf3D7_11_v3_832714	+
Pf3D7_11_v3	832914	832914	NEG_Pf3D7_11_v3_832914	-
Pf3D7_11_v3	833114	833114	NEG_Pf3D7_11_v3_833114	-
Pf3D7_11_v3	833314	833314	NEG_Pf3D7_11_v3_833314	+
Pf3D7_11_v3	833514	833514	NEG_Pf3D7_11_v3_833514	+
Pf3D7_11_v3	833714	833714	NEG_Pf3D7_11_v3_833714	-
Pf3D7_11_v3	905371	905371	NEG_Pf3D7_11_v3_905371	-
Pf3D7_11_v3	905571	905571	NEG_Pf3D7_11_v3_905571	-
Pf3D7_11_v3	905771	905771	NEG_Pf3D7_11_v3_905771	-
Pf3D7_11_v3	905971	905971	NEG_Pf3D7_11_v3_905971	-
Pf3D7_11_v3	906171	906171	NEG_Pf3D7_11_v3_906171	-
Pf3D7_11_v3	906371	906371	NEG_Pf3D7_11_v3_906371	+
Pf3D7_11_v3	906571	906571	NEG_Pf3D7_11_v3_906571	-
Pf3D7_11_v3	906771	906771	NEG_Pf3D7_11_v3_906771	+
Pf3D7_11_v3	1213457	1213457	NEG_Pf3D7_11_v3_1213457	-
Pf3D7_11_v3	1213657	1213657	NEG_Pf3D7_11_v3_1213657	+
Pf3D7_11_v3	1213857	1213857	NEG_Pf3D7_11_v3_1213857	-
Pf3D7_11_v3	1214057	1214057	NEG_Pf3D7_11_v3_1214057	+
Pf3D7_11_v3	1214257	1214257	NEG_Pf3D7_11_v3_1214257	+
Pf3D7_11_v3	1214457	1214457	NEG_Pf3D7_11_v3_1214457	-
Pf3D7_11_v3	1437171	1437171	NEG_Pf3D7_11_v3_1437171	+
Pf3D7_11_v3	1437371	1437371	NEG_Pf3D7_11_v3_1437371	+
Pf3D7_11_v3	1437571	1437571	NEG_Pf3D7_11_v3_1437571	+
Pf3D7_11_v3	1437771	1437771	NEG_Pf3D7_11_v3_1437771	+
Pf3D7_11_v3	1437971	1437971	NEG_Pf3D7_11_v3_1437971	+
Pf3D7_11_v3	1438171	1438171	NEG_Pf3D7_11_v3_1438171	-
Pf3D7_11_v3	1438371	1438371	NEG_Pf3D7_11_v3_1438371	+
Pf3D7_11_v3	1438571	1438571	NEG_Pf3D7_11_v3_1438571	+
Pf3D7_11_v3	1438771	1438771	NEG_Pf3D7_11_v3_1438771	-
Pf3D7_11_v3	1438971	1438971	NEG_Pf3D7_11_v3_1438971	-
Pf3D7_11_v3	1439171	1439171	NEG_Pf3D7_11_v3_1439171	+
Pf3D7_11_v3	1439371	1439371	NEG_Pf3D7_11_v3_1439371	+
Pf3D7_11_v3	1453451	1453451	NEG_Pf3D7_11_v3_1453451	+
Pf3D7_11_v3	1453651	1453651	NEG_Pf3D7_11_v3_1453651	-
Pf3D7_11_v3	1453851	1453851	NEG_Pf3D7_11_v3_1453851	+
Pf3D7_11_v3	1454051	1454051	NEG_Pf3D7_11_v3_1454051	+
Pf3D7_11_v3	1515692	1515692	NEG_Pf3D7_11_v3_1515692	-
Pf3D7_11_v3	1515892	1515892	NEG_Pf3D7_11_v3_1515892	-
Pf3D7_11_v3	1516092	1516092	NEG_Pf3D7_11_v3_1516092	-
Pf3D7_11_v3	1516292	1516292	NEG_Pf3D7_11_v3_1516292	+
Pf3D7_11_v3	1567046	1567046	NEG_Pf3D7_11_v3_1567046	+
Pf3D7_11_v3	1567246	1567246	NEG_Pf3D7_11_v3_1567246	-
Pf3D7_11_v3	1567446	1567446	NEG_Pf3D7_11_v3_1567446	-
Pf3D7_11_v3	1726862	1726862	NEG_Pf3D7_11_v3_1726862	+
Pf3D7_11_v3	1727062	1727062	NEG_Pf3D7_11_v3_1727062	-
Pf3D7_11_v3	1727262	1727262	NEG_Pf3D7_11_v3_1727262	-
Pf3D7_11_v3	1996019	1996019	NEG_Pf3D7_11_v3_1996019	+
Pf3D7_11_v3	1996219	1996219	NEG_Pf3D7_11_v3_1996219	+
Pf3D7_11_v3	1996419	1996419	NEG_Pf3D7_11_v3_1996419	+
Pf3D7_11_v3	1996619	1996619	NEG_Pf3D7_11_v3_1996619	+
Pf3D7_11_v3	1996819	1996819	NEG_Pf3D7_11_v3_1996819	+
Pf3D7_11_v3	1997019	1997019	NEG_Pf3D7_11_v3_1997019	+
Pf3D7_11_v3	1997219	1997219	NEG_Pf3D7_11_v3_1997219	-
Pf3D7_11_v3	1997419	1997419	NEG_Pf3D7_11_v3_1997419	+
Pf3D7_11_v3	1997619	1997619	NEG_Pf3D7_11_v3_1997619	-
Pf3D7_11_v3	1997819	1997819	NEG_Pf3D7_11_v3_1997819	+
Pf3D7_11_v3	1998019	1998019	NEG_Pf3D7_11_v3_1998019	-
Pf3D7_11_v3	1998219	1998219	NEG_Pf3D7_11_v3_1998219	+
Pf3D7_12_v3	58806	58806	NEG_Pf3D7_12_v3_58806	-
Pf3D7_12_v3	59006	59006	NEG_Pf3D7_12_v3_59006	-
Pf3D7_12_v3	59206	59206	NEG_Pf3D7_12_v3_59206	-
Pf3D7_12_v3	59406	59406	NEG_Pf3D7_12_v3_59406	-
Pf3D7_12_v3	66337	66337	NEG_Pf3D7_12_v3_66337	+
Pf3D7_12_v3	66537	66537	NEG_Pf3D7_12_v3_66537	+
Pf3D7_12_v3	66737	66737	NEG_Pf3D7_12_v3_66737	+
Pf3D7_12_v3	86452	86452	NEG_Pf3D7_12_v3_86452	+
Pf3D7_12_v3	86652	86652	NEG_Pf3D7_12_v3_86652	-
Pf3D7_12_v3	164723	164723	NEG_Pf3D7_12_v3_164723	+
Pf3D7_12_v3	164923	164923	NEG_Pf3D7_12_v3_164923	-
Pf3D7_12_v3	165123	165123	NEG_Pf3D7_12_v3_165123	-
Pf3D7_12_v3	165323	165323	NEG_Pf3D7_12_v3_165323	-
Pf3D7_12_v3	165523	165523	NEG_Pf3D7_12_v3_165523	-
Pf3D7_12_v3	304827	304827	NEG_Pf3D7_12_v3_304827	-
Pf3D7_12_v3	305027	305027	NEG_Pf3D7_12_v3_305027	+
Pf3D7_12_v3	305227	305227	NEG_Pf3D7_12_v3_305227	-
Pf3D7_12_v3	305427	305427	NEG_Pf3D7_12_v3_305427	+
Pf3D7_12_v3	305627	305627	NEG_Pf3D7_12_v3_305627	-
Pf3D7_12_v3	305827	305827	NEG_Pf3D7_12_v3_305827	+
Pf3D7_12_v3	306027	306027	NEG_Pf3D7_12_v3_306027	-
Pf3D7_12_v3	339807	339807	NEG_Pf3D7_12_v3_339807	+
Pf3D7_12_v3	340007	340007	NEG_Pf3D7_12_v3_340007	-
Pf3D7_12_v3	340207	340207	NEG_Pf3D7_12_v3_340207	-
Pf3D7_12_v3	340407	340407	NEG_Pf3D7_12_v3_340407	-
Pf3D7_12_v3	340607	340607	NEG_Pf3D7_12_v3_340607	+
Pf3D7_12_v3	340807	340807	NEG_Pf3D7_12_v3_340807	-
Pf3D7_12_v3	341007	341007	NEG_Pf3D7_12_v3_341007	-
Pf3D7_12_v3	341207	341207	NEG_Pf3D7_12_v3_341207	+
Pf3D7_12_v3	781934	781934	NEG_Pf3D7_12_v3_781934	-
Pf3D7_12_v3	903077	903077	NEG_Pf3D7_12_v3_903077	+
Pf3D7_12_v3	903277	903277	NEG_Pf3D7_12_v3_903277	+
Pf3D7_12_v3	903477	903477	NEG_Pf3D7_12_v3_903477	+
Pf3D7_12_v3	903677	903677	NEG_Pf3D7_12_v3_903677	+
Pf3D7_12_v3	903877	903877	NEG_Pf3D7_12_v3_903877	+
Pf3D7_12_v3	904077	904077	NEG_Pf3D7_12_v3_904077	-
Pf3D7_12_v3	904277	904277	NEG_Pf3D7_12_v3_904277	+
Pf3D7_12_v3	904477	904477	NEG_Pf3D7_12_v3_904477	-
Pf3D7_12_v3	904677	904677	NEG_Pf3D7_12_v3_904677	-
Pf3D7_12_v3	904877	904877	NEG_Pf3D7_12_v3_904877	+
Pf3D7_12_v3	905077	905077	NEG_Pf3D7_12_v3_905077	-
Pf3D7_12_v3	1063470	1063470	NEG_Pf3D7_12_v3_1063470	-
Pf3D7_12_v3	1063670	1063670	NEG_Pf3D7_12_v3_1063670	+
Pf3D7_12_v3	1201215	1201215	NEG_Pf3D7_12_v3_1201215	-
Pf3D7_12_v3	1201415	1201415	NEG_Pf3D7_12_v3_1201415	+
Pf3D7_12_v3	1281612	1281612	NEG_Pf3D7_12_v3_1281612	-
Pf3D7_12_v3	1281812	1281812	NEG_Pf3D7_12_v3_1281812	-
Pf3D7_12_v3	1282012	1282012	NEG_Pf3D7_12_v3_1282012	-
Pf3D7_12_v3	1282212	1282212	NEG_Pf3D7_12_v3_1282212	+
Pf3D7_12_v3	1282412	1282412	NEG_Pf3D7_12_v3_1282412	+
Pf3D7_12_v3	1282612	1282612	NEG_Pf3D7_12_v3_1282612	+
Pf3D7_12_v3	1282812	1282812	NEG_Pf3D7_12_v3_1282812	-
Pf3D7_12_v3	1283012	1283012	NEG_Pf3D7_12_v3_1283012	+
Pf3D7_12_v3	1283212	1283212	NEG_Pf3D7_12_v3_1283212	-
Pf3D7_12_v3	1283412	1283412	NEG_Pf3D7_12_v3_1283412	+
Pf3D7_12_v3	1283612	1283612	NEG_Pf3D7_12_v3_1283612	+
Pf3D7_12_v3	1283812	1283812	NEG_Pf3D7_12_v3_1283812	+
Pf3D7_12_v3	1284012	1284012	NEG_Pf3D7_12_v3_1284012	+
Pf3D7_12_v3	1284212	1284212	NEG_Pf3D7_12_v3_1284212	-
Pf3D7_12_v3	1284412	1284412	NEG_Pf3D7_12_v3_1284412	+
Pf3D7_12_v3	1308969	1308969	NEG_Pf3D7_12_v3_1308969	+
Pf3D7_12_v3	1309169	1309169	NEG_Pf3D7_12_v3_1309169	-
Pf3D7_12_v3	1309369	1309369	NEG_Pf3D7_12_v3_1309369	+
Pf3D7_12_v3	1309569	1309569	NEG_Pf3D7_12_v3_1309569	+
Pf3D7_12_v3	1309769	1309769	NEG_Pf3D7_12_v3_1309769	-
Pf3D7_12_v3	1309969	1309969	NEG_Pf3D7_12_v3_1309969	+
Pf3D7_12_v3	1310169	1310169	NEG_Pf3D7_12_v3_1310169	-
Pf3D7_12_v3	1310369	1310369	NEG_Pf3D7_12_v3_1310369	-
Pf3D7_12_v3	1310569	1310569	NEG_Pf3D7_12_v3_1310569	-
Pf3D7_12_v3	1310769	1310769	NEG_Pf3D7_12_v3_1310769	-
Pf3D7_12_v3	1310969	1310969	NEG_Pf3D7_12_v3_1310969	-
Pf3D7_12_v3	1311169	1311169	NEG_Pf3D7_12_v3_1311169	-
Pf3D7_12_v3	1311369	1311369	NEG_Pf3D7_12_v3_1311369	+
Pf3D7_12_v3	1372638	1372638	NEG_Pf3D7_12_v3_1372638	-
Pf3D7_12_v3	1372838	1372838	NEG_Pf3D7_12_v3_1372838	+
Pf3D7_12_v3	1373038	1373038	NEG_Pf3D7_12_v3_1373038	+
Pf3D7_12_v3	1373238	1373238	NEG_Pf3D7_12_v3_1373238	-
Pf3D7_12_v3	1768392	1768392	NEG_Pf3D7_12_v3_1768392	+
Pf3D7_12_v3	1768592	1768592	NEG_Pf3D7_12_v3_1768592	-
Pf3D7_12_v3	1768792	1768792	NEG_Pf3D7_12_v3_1768792	-
Pf3D7_12_v3	2130787	2130787	NEG_Pf3D7_12_v3_2130787	+
Pf3D7_12_v3	2186169	2186169	NEG_Pf3D7_12_v3_2186169	-
Pf3D7_12_v3	2186369	2186369	NEG_Pf3D7_12_v3_2186369	+
Pf3D7_12_v3	2186569	2186569	NEG_Pf3D7_12_v3_2186569	+
Pf3D7_12_v3	2193771	2193771	NEG_Pf3D7_12_v3_2193771	+
Pf3D7_12_v3	2193971	2193971	NEG_Pf3D7_12_v3_2193971	-
Pf3D7_13_v3	76414	76414	NEG_Pf3D7_13_v3_76414	+
Pf3D7_13_v3	95353	95353	NEG_Pf3D7_13_v3_95353	+
Pf3D7_13_v3	95553	95553	NEG_Pf3D7_13_v3_95553	-
Pf3D7_13_v3	95753	95753	NEG_Pf3D7_13_v3_95753	+
Pf3D7_13_v3	95953	95953	NEG_Pf3D7_13_v3_95953	-
Pf3D7_13_v3	96153	96153	NEG_Pf3D7_13_v3_96153	+
Pf3D7_13_v3	96353	96353	NEG_Pf3D7_13_v3_96353	+
Pf3D7_13_v3	96553	96553	NEG_Pf3D7_13_v3_96553	+
Pf3D7_13_v3	96753	96753	NEG_Pf3D7_13_v3_96753	-
Pf3D7_13_v3	115816	115816	NEG_Pf3D7_13_v3_115816	+
Pf3D7_13_v3	116016	116016	NEG_Pf3D7_13_v3_116016	-
Pf3D7_13_v3	546524	546524	NEG_Pf3D7_13_v3_546524	+
Pf3D7_13_v3	705924	705924	NEG_Pf3D7_13_v3_705924	-
Pf3D7_13_v3	706124	706124	NEG_Pf3D7_13_v3_706124	+
Pf3D7_13_v3	706324	706324	NEG_Pf3D7_13_v3_706324	+
Pf3D7_13_v3	717258	717258	NEG_Pf3D7_13_v3_717258	+
Pf3D7_13_v3	717458	717458	NEG_Pf3D7_13_v3_717458	-
Pf3D7_13_v3	717658	717658	NEG_Pf3D7_13_v3_717658	-
Pf3D7_13_v3	717858	717858	NEG_Pf3D7_13_v3_717858	+
Pf3D7_13_v3	718058	718058	NEG_Pf3D7_13_v3_718058	+
Pf3D7_13_v3	718258	718258	NEG_Pf3D7_13_v3_718258	-
Pf3D7_13_v3	718458	718458	NEG_Pf3D7_13_v3_718458	-
Pf3D7_13_v3	718658	718658	NEG_Pf3D7_13_v3_718658	+
Pf3D7_13_v3	718858	718858	NEG_Pf3D7_13_v3_718858	-
Pf3D7_13_v3	719058	719058	NEG_Pf3D7_13_v3_719058	+
Pf3D7_13_v3	719258	719258	NEG_Pf3D7_13_v3_719258	-
Pf3D7_13_v3	719458	719458	NEG_Pf3D7_13_v3_719458	+
Pf3D7_13_v3	719658	719658	NEG_Pf3D7_13_v3_719658	-
Pf3D7_13_v3	719858	719858	NEG_Pf3D7_13_v3_719858	+
Pf3D7_13_v3	1168559	1168559	NEG_Pf3D7_13_v3_1168559	-
Pf3D7_13_v3	1168759	1168759	NEG_Pf3D7_13_v3_1168759	+
Pf3D7_13_v3	1168959	1168959	NEG_Pf3D7_13_v3_1168959	+
Pf3D7_13_v3	1169159	1169159	NEG_Pf3D7_13_v3_1169159	-
Pf3D7_13_v3	1169359	1169359	NEG_Pf3D7_13_v3_1169359	-
Pf3D7_13_v3	1169559	1169559	NEG_Pf3D7_13_v3_1169559	-
Pf3D7_13_v3	1169759	1169759	NEG_Pf3D7_13_v3_1169759	-
Pf3D7_13_v3	1169959	1169959	NEG_Pf3D7_13_v3_1169959	+
Pf3D7_13_v3	1170159	1170159	NEG_Pf3D7_13_v3_1170159	+
Pf3D7_13_v3	1170359	1170359	NEG_Pf3D7_13_v3_1170359	-
Pf3D7_13_v3	1170559	1170559	NEG_Pf3D7_13_v3_1170559	-
Pf3D7_13_v3	1170759	1170759	NEG_Pf3D7_13_v3_1170759	+
Pf3D7_13_v3	1170959	1170959	NEG_Pf3D7_13_v3_1170959	-
Pf3D7_13_v3	1171159	1171159	NEG_Pf3D7_13_v3_1171159	+
Pf3D7_13_v3	1171359	1171359	NEG_Pf3D7_13_v3_1171359	-
Pf3D7_13_v3	1171559	1171559	NEG_Pf3D7_13_v3_1171559	-
Pf3D7_13_v3	1171759	1171759	NEG_Pf3D7_13_v3_1171759	-
Pf3D7_13_v3	1171959	1171959	NEG_Pf3D7_13_v3_1171959	+
Pf3D7_13_v3	1172159	1172159	NEG_Pf3D7_13_v3_1172159	+
Pf3D7_13_v3	1249150	1249150	NEG_Pf3D7_13_v3_1249150	+
Pf3D7_13_v3	1249350	1249350	NEG_Pf3D7_13_v3_1249350	-
Pf3D7_13_v3	1249550	1249550	NEG_Pf3D7_13_v3_1249550	-
Pf3D7_13_v3	1249750	1249750	NEG_Pf3D7_13_v3_1249750	-
Pf3D7_13_v3	1249950	1249950	NEG_Pf3D7_13_v3_1249950	-
Pf3D7_13_v3	1521594	1521594	NEG_Pf3D7_13_v3_1521594	-
Pf3D7_13_v3	1521794	1521794	NEG_Pf3D7_13_v3_1521794	+
Pf3D7_13_v3	1521994	1521994	NEG_Pf3D7_13_v3_1521994	+
Pf3D7_13_v3	1532209	1532209	NEG_Pf3D7_13_v3_1532209	-
Pf3D7_13_v3	1781043	1781043	NEG_Pf3D7_13_v3_1781043	-
Pf3D7_13_v3	1781243	1781243	NEG_Pf3D7_13_v3_1781243	-
Pf3D7_13_v3	1781443	1781443	NEG_Pf3D7_13_v3_1781443	-
Pf3D7_13_v3	1781643	1781643	NEG_Pf3D7_13_v3_1781643	+
Pf3D7_13_v3	1781843	1781843	NEG_Pf3D7_13_v3_1781843	+
Pf3D7_13_v3	1782043	1782043	NEG_Pf3D7_13_v3_1782043	+
Pf3D7_13_v3	1782243	1782243	NEG_Pf3D7_13_v3_1782243	-
Pf3D7_13_v3	1782443	1782443	NEG_Pf3D7_13_v3_1782443	+
Pf3D7_13_v3	1782643	1782643	NEG_Pf3D7_13_v3_1782643	+
Pf3D7_13_v3	1782843	1782843	NEG_Pf3D7_13_v3_1782843	-
Pf3D7_13_v3	1783043	1783043	NEG_Pf3D7_13_v3_1783043	-
Pf3D7_13_v3	1783243	1783243	NEG_Pf3D7_13_v3_1783243	-
Pf3D7_13_v3	2030639	2030639	NEG_Pf3D7_13_v3_2030639	+
Pf3D7_13_v3	2030839	2030839	NEG_Pf3D7_13_v3_2030839	-
Pf3D7_13_v3	2031039	2031039	NEG_Pf3D7_13_v3_2031039	-
Pf3D7_13_v3	2031239	2031239	NEG_Pf3D7_13_v3_2031239	-
Pf3D7_13_v3	2672525	2672525	NEG_Pf3D7_13_v3_2672525	-
Pf3D7_13_v3	2672725	2672725	NEG_Pf3D7_13_v3_2672725	-
Pf3D7_14_v3	69082	69082	NEG_Pf3D7_14_v3_69082	+
Pf3D7_14_v3	307834	307834	NEG_Pf3D7_14_v3_307834	-
Pf3D7_14_v3	308034	308034	NEG_Pf3D7_14_v3_308034	+
Pf3D7_14_v3	308234	308234	NEG_Pf3D7_14_v3_308234	-
Pf3D7_14_v3	308434	308434	NEG_Pf3D7_14_v3_308434	+
Pf3D7_14_v3	308634	308634	NEG_Pf3D7_14_v3_308634	-
Pf3D7_14_v3	308834	308834	NEG_Pf3D7_14_v3_308834	+
Pf3D7_14_v3	309034	309034	NEG_Pf3D7_14_v3_309034	+
Pf3D7_14_v3	309234	309234	NEG_Pf3D7_14_v3_309234	-
Pf3D7_14_v3	309434	309434	NEG_Pf3D7_14_v3_309434	+
Pf3D7_14_v3	309634	309634	NEG_Pf3D7_14_v3_309634	-
Pf3D7_14_v3	309834	309834	NEG_Pf3D7_14_v3_309834	+
Pf3D7_14_v3	310034	310034	NEG_Pf3D7_14_v3_310034	+
Pf3D7_14_v3	310234	310234	NEG_Pf3D7_14_v3_310234	+
Pf3D7_14_v3	310434	310434	NEG_Pf3D7_14_v3_310434	-
Pf3D7_14_v3	567248	567248	NEG_Pf3D7_14_v3_567248	-
Pf3D7_14_v3	567448	567448	NEG_Pf3D7_14_v3_567448	+
Pf3D7_14_v3	567648	567648	NEG_Pf3D7_14_v3_567648	-
Pf3D7_14_v3	567848	567848	NEG_Pf3D7_14_v3_567848	+
Pf3D7_14_v3	568048	568048	NEG_Pf3D7_14_v3_568048	+
Pf3D7_14_v3	1002507	1002507	NEG_Pf3D7_14_v3_1002507	+
Pf3D7_14_v3	1002707	1002707	NEG_Pf3D7_14_v3_1002707	-
Pf3D7_14_v3	1002907	1002907	NEG_Pf3D7_14_v3_1002907	-
Pf3D7_14_v3	1003107	1003107	NEG_Pf3D7_14_v3_1003107	-
Pf3D7_14_v3	1003307	1003307	NEG_Pf3D7_14_v3_1003307	+
Pf3D7_14_v3	1003507	1003507	NEG_Pf3D7_14_v3_1003507	-
Pf3D7_14_v3	1003707	1003707	NEG_Pf3D7_14_v3_1003707	-
Pf3D7_14_v3	1003907	1003907	NEG_Pf3D7_14_v3_1003907	+
Pf3D7_14_v3	1071550	1071550	NEG_Pf3D7_14_v3_1071550	+
Pf3D7_14_v3	1071750	1071750	NEG_Pf3D7_14_v3_1071750	+
Pf3D7_14_v3	1071950	1071950	NEG_Pf3D7_14_v3_1071950	-
Pf3D7_14_v3	1072150	1072150	NEG_Pf3D7_14_v3_1072150	-
Pf3D7_14_v3	1072350	1072350	NEG_Pf3D7_14_v3_1072350	+
Pf3D7_14_v3	1072550	1072550	NEG_Pf3D7_14_v3_1072550	+
Pf3D7_14_v3	1072750	1072750	NEG_Pf3D7_14_v3_1072750	+
Pf3D7_14_v3	1072950	1072950	NEG_Pf3D7_14_v3_1072950	+
Pf3D7_14_v3	1073150	1073150	NEG_Pf3D7_14_v3_1073150	-
Pf3D7_14_v3	1073350	1073350	NEG_Pf3D7_14_v3_1073350	-
Pf3D7_14_v3	1073550	1073550	NEG_Pf3D7_14_v3_1073550	-
Pf3D7_14_v3	1073750	1073750	NEG_Pf3D7_14_v3_1073750	+
Pf3D7_14_v3	1073950	1073950	NEG_Pf3D7_14_v3_1073950	-
Pf3D7_14_v3	1074150	1074150	NEG_Pf3D7_14_v3_1074150	+
Pf3D7_14_v3	1074350	1074350	NEG_Pf3D7_14_v3_1074350	+
Pf3D7_14_v3	1074550	1074550	NEG_Pf3D7_14_v3_1074550	+
Pf3D7_14_v3	1074750	1074750	NEG_Pf3D7_14_v3_1074750	-
Pf3D7_14_v3	1074950	1074950	NEG_Pf3D7_14_v3_1074950	-
Pf3D7_14_v3	1075150	1075150	NEG_Pf3D7_14_v3_1075150	-
Pf3D7_14_v3	1075350	1075350	NEG_Pf3D7_14_v3_1075350	+
Pf3D7_14_v3	1476439	1476439	NEG_Pf3D7_14_v3_1476439	-
Pf3D7_14_v3	1476639	1476639	NEG_Pf3D7_14_v3_1476639	-
Pf3D7_14_v3	1604001	1604001	NEG_Pf3D7_14_v3_1604001	-
Pf3D7_14_v3	1604201	1604201	NEG_Pf3D7_14_v3_1604201	+
Pf3D7_14_v3	1604401	1604401	NEG_Pf3D7_14_v3_1604401	+
Pf3D7_14_v3	1604601	1604601	NEG_Pf3D7_14_v3_1604601	-
Pf3D7_14_v3	1604801	1604801	NEG_Pf3D7_14_v3_1604801	+
Pf3D7_14_v3	1605001	1605001	NEG_Pf3D7_14_v3_1605001	-
Pf3D7_14_v3	1605201	1605201	NEG_Pf3D7_14_v3_1605201	+
Pf3D7_14_v3	1605401	1605401	NEG_Pf3D7_14_v3_1605401	-
Pf3D7_14_v3	1605601	1605601	NEG_Pf3D7_14_v3_1605601	-
Pf3D7_14_v3	1605801	1605801	NEG_Pf3D7_14_v3_1605801	+
Pf3D7_14_v3	2101737	2101737	NEG_Pf3D7_14_v3_2101737	+
Pf3D7_14_v3	2101937	2101937	NEG_Pf3D7_14_v3_2101937	-
Pf3D7_14_v3	2102137	2102137	NEG_Pf3D7_14_v3_2102137	+
Pf3D7_14_v3	2102337	2102337	NEG_Pf3D7_14_v3_2102337	-
Pf3D7_14_v3	2327827	2327827	NEG_Pf3D7_14_v3_2327827	-
Pf3D7_14_v3	2706050	2706050	NEG_Pf3D7_14_v3_2706050	+
Pf3D7_14_v3	2706250	2706250	NEG_Pf3D7_14_v3_2706250	+
Pf3D7_14_v3	2706450	2706450	NEG_Pf3D7_14_v3_2706450	-
Pf3D7_14_v3	2706650	2706650	NEG_Pf3D7_14_v3_2706650	+
Pf3D7_14_v3	2706850	2706850	NEG_Pf3D7_14_v3_2706850	+
Pf3D7_14_v3	2719286	2719286	NEG_Pf3D7_14_v3_2719286	-
Pf3D7_14_v3	2719486	2719486	NEG_Pf3D7_14_v3_2719486	-
Pf3D7_14_v3	2719686	2719686	NEG_Pf3D7_14_v3_2719686	+
Pf3D7_14_v3	2719886	2719886	NEG_Pf3D7_14_v3_2719886	+
Pf3D7_14_v3	2720086	2720086	NEG_Pf3D7_14_v3_2720086	-
Pf3D7_14_v3	2720286	2720286	NEG_Pf3D7_14_v3_2720286	+
Pf3D7_14_v3	2720486	2720486	NEG_Pf3D7_14_v3_2720486	-
Pf3D7_14_v3	2720686	2720686	NEG_Pf3D7_14_v3_2720686	+
Pf3D7_14_v3	2720886	2720886	NEG_Pf3D7_14_v3_2720886	+
Pf3D7_14_v3	2721086	2721086	NEG_Pf3D7_14_v3_2721086	+
Pf3D7_14_v3	2721286	2721286	NEG_Pf3D7_14_v3_2721286	-
Pf3D7_14_v3	2721486	2721486	NEG_Pf3D7_14_v3_2721486	-
Pf3D7_14_v3	2721686	2721686	NEG_Pf3D7_14_v3_2721686	-
Pf3D7_14_v3	2721886	2721886	NEG_Pf3D7_14_v3_2721886	-
Pf3D7_14_v3	2722086	2722086	NEG_Pf3D7_14_v3_2722086	-
Pf3D7_14_v3	2722286	2722286	NEG_Pf3D7_14_v3_2722286	+
Pf3D7_14_v3	2722486	2722486	NEG_Pf3D7_14_v3_2722486	+
Pf3D7_14_v3	2722686	2722686	NEG_Pf3D7_14_v3_2722686	+
Pf3D7_14_v3	2722886	2722886	NEG_Pf3D7_14_v3_2722886	+
Pf3D7_14_v3	2723086	2723086	NEG_Pf3D7_14_v3_2723086	+
Pf3D7_14_v3	2796324	2796324	NEG_Pf3D7_14_v3_2796324	-
Pf3D7_14_v3	2796524	2796524	NEG_Pf3D7_14_v3_2796524	+
Pf3D7_14_v3	2796724	2796724	NEG_Pf3D7_14_v3_2796724	+
Pf3D7_14_v3	2796924	2796924	NEG_Pf3D7_14_v3_2796924	+
Pf3D7_14_v3	2797124	2797124	NEG_Pf3D7_14_v3_2797124	+
Pf3D7_14_v3	2797324	2797324	NEG_Pf3D7_14_v3_2797324	-
Pf3D7_14_v3	2797524	2797524	NEG_Pf3D7_14_v3_2797524	+
Pf3D7_14_v3	2797724	2797724	NEG_Pf3D7_14_v3_2797724	-
Pf3D7_14_v3	2797924	2797924	NEG_Pf3D7_14_v3_2797924	-
Pf3D7_14_v3	2798124	2798124	NEG_Pf3D7_14_v3_2798124	-
Pf3D7_14_v3	2798324	2798324	NEG_Pf3D7_14_v3_2798324	+
Pf3D7_14_v3	2798524	2798524	NEG_Pf3D7_14_v3_2798524	-
Pf3D7_14_v3	2798724	2798724	NEG_Pf3D7_14_v3_2798724	-
Pf3D7_14_v3	2798924	2798924	NEG_Pf3D7_14_v3_2798924	-
Pf3D7_14_v3	2806933	2806933	NEG_Pf3D7_14_v3_2806933	-
Pf3D7_14_v3	2908566	2908566	NEG_Pf3D7_14_v3_2908566	-
Pf3D7_14_v3	2908766	2908766	NEG_Pf3D7_14_v3_2908766	-
Pf3D7_14_v3	2908966	2908966	NEG_Pf3D7_14_v3_2908966	+
Pf3D7_14_v3	2909166	2909166	NEG_Pf3D7_14_v3_2909166	-
Pf3D7_14_v3	2909366	2909366	NEG_Pf3D7_14_v3_2909366	-
Pf3D7_14_v3	3004356	3004356	NEG_Pf3D7_14_v3_3004356	+
Pf3D7_14_v3	3004556	3004556	NEG_Pf3D7_14_v3_3004556	-
Pf3D7_14_v3	3004756	3004756	NEG_Pf3D7_14_v3_3004756	-
Pf3D7_14_v3	3004956	3004956	NEG_Pf3D7_14_v3_3004956	-
Pf3D7_14_v3	3019900	3019900	NEG_Pf3D7_14_v3_3019900	+
Pf3D7_14_v3	3020100	3020100	NEG_Pf3D7_14_v3_3020100	-
Pf3D7_14_v3	3020300	3020300	NEG_Pf3D7_14_v3_3020300	+
Pf3D7_14_v3	3020500	3020500	NEG_Pf3D7_14_v3_3020500	+
Pf3D7_14_v3	3020700	3020700	NEG_Pf3D7_14_v3_3020700	+
Pf3D7_14_v3	3164744	3164744	NEG_Pf3D7_14_v3_3164744	-
Pf3D7_14_v3	3164944	3164944	NEG_Pf3D7_14_v3_3164944	-
Pf3D7_14_v3	3165144	3165144	NEG_Pf3D7_14_v3_3165144	-
Pf3D7_14_v3	3165344	3165344	NEG_Pf3D7_14_v3_3165344	-
Pf3D7_14_v3	3165544	3165544	NEG_Pf3D7_14_v3_3165544	+
Pf3D7_14_v3	3165744	3165744	NEG_Pf3D7_14_v3_3165744	-
Pf3D7_14_v3	3165944	3165944	NEG_Pf3D7_14_v3_3165944	-
Pf3D7_14_v3	3166144	3166144	NEG_Pf3D7_14_v3_3166144	+
Pf3D7_14_v3	3166344	3166344	NEG_Pf3D7_14_v3_3166344	-
Pf3D7_14_v3	3226633	3226633	NEG_Pf3D7_14_v3_3226633	+
