chr	position	strand
Pf3D7_13_v3	971595	-
Pf3D7_09_v3	831326	+
Pf3D7_14_v3	23077	-
Pf3D7_12_v3	1508442	+
Pf3D7_03_v3	599501	-
Pf3D7_14_v3	2804712	+
Pf3D7_13_v3	661949	+
Pf3D7_13_v3	1284392	-
Pf3D7_04_v3	372092	-
Pf3D7_09_v3	1122817	+
Pf3D7_08_v3	794122	-
Pf3D7_14_v3	1620420	-
Pf3D7_12_v3	193986	+
Pf3D7_13_v3	2123438	+
Pf3D7_09_v3	954818	+
Pf3D7_06_v3	132332	+
Pf3D7_11_v3	143814	+
Pf3D7_02_v3	827521	-
Pf3D7_13_v3	2213007	-
Pf3D7_11_v3	1944027	-
Pf3D7_13_v3	585822	+
Pf3D7_08_v3	423487	-
Pf3D7_14_v3	2706138	+
Pf3D7_14_v3	802438	+
Pf3D7_13_v3	1098659	+
Pf3D7_05_v3	793659	-
Pf3D7_09_v3	1436111	-
Pf3D7_02_v3	356225	-
Pf3D7_04_v3	1026387	-
Pf3D7_12_v3	1096767	-
Pf3D7_13_v3	254402	+
Pf3D7_14_v3	2599962	+
Pf3D7_07_v3	1142987	-
Pf3D7_08_v3	780656	-
Pf3D7_09_v3	1470751	+
Pf3D7_05_v3	694354	-
Pf3D7_04_v3	420842	-
Pf3D7_10_v3	95694	-
Pf3D7_06_v3	124831	-
Pf3D7_12_v3	795951	+
Pf3D7_09_v3	788825	-
Pf3D7_13_v3	2328904	+
Pf3D7_12_v3	1581767	-
Pf3D7_07_v3	764688	-
Pf3D7_13_v3	2326380	-
Pf3D7_13_v3	1678971	+
Pf3D7_08_v3	1163772	-
Pf3D7_07_v3	191275	-
Pf3D7_12_v3	1088450	-
Pf3D7_04_v3	647371	+
Pf3D7_05_v3	945120	+
Pf3D7_01_v3	174627	+
Pf3D7_13_v3	1306084	-
Pf3D7_12_v3	677699	-
Pf3D7_12_v3	1688170	-
Pf3D7_13_v3	1172368	+
Pf3D7_09_v3	1313831	-
Pf3D7_11_v3	444006	-
Pf3D7_04_v3	639801	+
Pf3D7_04_v3	77254	-
Pf3D7_12_v3	766421	-
Pf3D7_09_v3	1494270	+
Pf3D7_11_v3	372489	+
Pf3D7_13_v3	745455	+
Pf3D7_11_v3	1998270	+
Pf3D7_11_v3	132225	-
Pf3D7_11_v3	238849	-
Pf3D7_07_v3	575949	+
Pf3D7_02_v3	60716	-
Pf3D7_09_v3	781093	+
Pf3D7_05_v3	1232328	+
Pf3D7_09_v3	115993	+
Pf3D7_13_v3	2831812	+
Pf3D7_06_v3	313369	-
Pf3D7_02_v3	740726	-
Pf3D7_07_v3	47462	-
Pf3D7_07_v3	327974	-
Pf3D7_12_v3	620420	-
Pf3D7_11_v3	201766	-
Pf3D7_13_v3	1235581	+
Pf3D7_12_v3	667889	+
Pf3D7_09_v3	80171	-
Pf3D7_13_v3	1891939	-
Pf3D7_05_v3	105863	+
Pf3D7_01_v3	511377	-
Pf3D7_03_v3	498680	-
Pf3D7_12_v3	2064161	+
Pf3D7_09_v3	1374037	-
Pf3D7_04_v3	1148754	+
Pf3D7_10_v3	636361	+
Pf3D7_04_v3	981479	-
Pf3D7_12_v3	1483056	-
Pf3D7_09_v3	1024228	+
Pf3D7_08_v3	995631	-
Pf3D7_07_v3	519917	-
Pf3D7_11_v3	1925537	-
Pf3D7_08_v3	587658	+
Pf3D7_03_v3	425435	-
Pf3D7_04_v3	118988	-
Pf3D7_14_v3	2471219	+
Pf3D7_14_v3	1153732	+
Pf3D7_12_v3	1571147	-
Pf3D7_06_v3	1072941	+
Pf3D7_14_v3	2642428	+
Pf3D7_13_v3	1124295	-
Pf3D7_12_v3	1943022	+
Pf3D7_09_v3	1100187	+
Pf3D7_06_v3	1243023	-
Pf3D7_03_v3	643609	-
Pf3D7_14_v3	1016628	+
Pf3D7_09_v3	1239608	-
Pf3D7_05_v3	998102	-
Pf3D7_07_v3	621092	+
Pf3D7_11_v3	685808	-
Pf3D7_05_v3	366691	-
Pf3D7_13_v3	2877181	+
Pf3D7_13_v3	602639	-
Pf3D7_12_v3	1987464	+
Pf3D7_09_v3	683022	+
Pf3D7_11_v3	1855675	+
Pf3D7_11_v3	807480	+
Pf3D7_12_v3	329251	+
Pf3D7_03_v3	352438	-
Pf3D7_09_v3	316058	-
Pf3D7_02_v3	287484	-
Pf3D7_10_v3	467214	+
Pf3D7_07_v3	1290641	-
Pf3D7_04_v3	745670	-
Pf3D7_03_v3	832878	+
Pf3D7_11_v3	905745	-
Pf3D7_05_v3	206356	+
Pf3D7_14_v3	1580131	+
Pf3D7_11_v3	727378	+
Pf3D7_08_v3	223125	-
Pf3D7_11_v3	981146	+
Pf3D7_01_v3	511802	+
Pf3D7_14_v3	2410873	-
Pf3D7_10_v3	233204	+
Pf3D7_13_v3	1208966	-
Pf3D7_03_v3	303696	-
Pf3D7_10_v3	314882	-
Pf3D7_10_v3	404630	+
Pf3D7_14_v3	1917168	+
Pf3D7_11_v3	529098	+
Pf3D7_10_v3	67090	+
Pf3D7_06_v3	1088839	+
Pf3D7_07_v3	1314509	+
Pf3D7_10_v3	1137782	-
Pf3D7_09_v3	830961	+
Pf3D7_01_v3	493576	+
Pf3D7_13_v3	2186632	+
Pf3D7_14_v3	870291	+
Pf3D7_04_v3	651524	+
Pf3D7_11_v3	138440	+
Pf3D7_03_v3	968553	+
Pf3D7_12_v3	849635	-
Pf3D7_07_v3	44727	-
Pf3D7_12_v3	574148	-
Pf3D7_12_v3	2152364	+
Pf3D7_13_v3	821540	-
Pf3D7_03_v3	941937	+
Pf3D7_14_v3	1371038	-
Pf3D7_06_v3	222735	+
Pf3D7_02_v3	181868	+
Pf3D7_11_v3	156365	+
Pf3D7_08_v3	793734	-
Pf3D7_13_v3	2262066	-
Pf3D7_13_v3	1768225	-
Pf3D7_07_v3	904075	+
Pf3D7_14_v3	2258989	-
Pf3D7_07_v3	268698	-
Pf3D7_10_v3	954240	+
Pf3D7_06_v3	854708	-
Pf3D7_14_v3	1874939	+
Pf3D7_05_v3	62078	+
Pf3D7_02_v3	393801	-
Pf3D7_09_v3	747129	-
Pf3D7_14_v3	3182442	+
Pf3D7_14_v3	774442	+
Pf3D7_13_v3	359415	+
Pf3D7_14_v3	746320	-
Pf3D7_14_v3	813602	-
Pf3D7_10_v3	1089916	-
Pf3D7_07_v3	876282	+
Pf3D7_13_v3	913911	+
Pf3D7_12_v3	616549	+
Pf3D7_08_v3	840339	-
Pf3D7_03_v3	596913	-
Pf3D7_13_v3	317875	-
Pf3D7_06_v3	995953	-
Pf3D7_14_v3	1889931	+
Pf3D7_06_v3	485105	-
Pf3D7_04_v3	215274	+
Pf3D7_13_v3	2295155	-
Pf3D7_04_v3	1000978	-
Pf3D7_05_v3	432378	+
Pf3D7_11_v3	1162759	-
Pf3D7_14_v3	369295	-
Pf3D7_05_v3	830765	+
Pf3D7_07_v3	716709	-
Pf3D7_13_v3	1071019	+
Pf3D7_14_v3	2720167	+
Pf3D7_10_v3	626311	+
Pf3D7_04_v3	729829	+
Pf3D7_01_v3	326330	+
Pf3D7_06_v3	213542	-
Pf3D7_04_v3	474317	-
Pf3D7_12_v3	978796	-
Pf3D7_04_v3	204067	-
Pf3D7_10_v3	729411	+
Pf3D7_12_v3	1413586	-
Pf3D7_11_v3	726176	-
Pf3D7_05_v3	947879	+
Pf3D7_13_v3	1665905	+
Pf3D7_12_v3	1920686	-
Pf3D7_13_v3	112218	+
Pf3D7_04_v3	456655	+
Pf3D7_04_v3	240833	+
Pf3D7_14_v3	1639217	-
Pf3D7_08_v3	1378045	+
Pf3D7_07_v3	509836	+
Pf3D7_10_v3	359143	+
Pf3D7_12_v3	644259	-
Pf3D7_14_v3	2326986	+
Pf3D7_07_v3	114854	+
Pf3D7_14_v3	1574989	-
Pf3D7_01_v3	556077	-
Pf3D7_11_v3	159395	-
Pf3D7_11_v3	1987350	+
Pf3D7_03_v3	877618	+
Pf3D7_04_v3	651193	-
Pf3D7_09_v3	373205	-
Pf3D7_14_v3	2572432	-
Pf3D7_11_v3	1087043	-
Pf3D7_14_v3	1791586	-
Pf3D7_13_v3	1673037	-
Pf3D7_09_v3	1442837	-
Pf3D7_13_v3	1248804	+
Pf3D7_01_v3	415374	+
Pf3D7_03_v3	980685	-
Pf3D7_13_v3	2248210	-
Pf3D7_13_v3	1532818	+
Pf3D7_06_v3	281633	-
Pf3D7_10_v3	1347594	+
Pf3D7_11_v3	1317298	-
Pf3D7_14_v3	217140	+
Pf3D7_11_v3	1254136	+
Pf3D7_09_v3	212045	+
Pf3D7_08_v3	844599	-
Pf3D7_09_v3	554837	+
Pf3D7_12_v3	405146	-
Pf3D7_14_v3	211253	-
Pf3D7_09_v3	1195325	+
Pf3D7_06_v3	672077	-
Pf3D7_06_v3	399430	+
Pf3D7_13_v3	292241	-
Pf3D7_13_v3	1958474	-
Pf3D7_03_v3	868786	-
Pf3D7_02_v3	869337	-
Pf3D7_11_v3	1053580	-
Pf3D7_04_v3	819077	+
Pf3D7_13_v3	2155734	+
Pf3D7_07_v3	715116	+
Pf3D7_04_v3	729272	-
Pf3D7_14_v3	1507205	+
Pf3D7_05_v3	71996	+
Pf3D7_07_v3	94953	+
Pf3D7_04_v3	1018007	+
Pf3D7_04_v3	91329	-
Pf3D7_01_v3	483006	+
Pf3D7_02_v3	654702	-
Pf3D7_05_v3	310666	-
Pf3D7_02_v3	609673	-
Pf3D7_11_v3	977977	-
Pf3D7_12_v3	1052435	-
Pf3D7_08_v3	1310225	-
Pf3D7_07_v3	933402	-
Pf3D7_10_v3	683196	-
Pf3D7_14_v3	377282	-
Pf3D7_13_v3	2789763	+
Pf3D7_02_v3	349692	-
Pf3D7_05_v3	468679	-
Pf3D7_06_v3	401648	+
Pf3D7_06_v3	708295	+
Pf3D7_11_v3	518168	+
Pf3D7_09_v3	323632	+
Pf3D7_02_v3	483232	+
Pf3D7_08_v3	837546	-
Pf3D7_10_v3	1203340	+
Pf3D7_03_v3	788361	+
Pf3D7_13_v3	2359181	-
Pf3D7_02_v3	577645	-
Pf3D7_14_v3	1577961	+
Pf3D7_03_v3	712083	+
Pf3D7_13_v3	2628609	-
Pf3D7_14_v3	1017068	-
Pf3D7_14_v3	2899712	+
Pf3D7_13_v3	1632363	-
Pf3D7_13_v3	1143091	-
Pf3D7_12_v3	163452	+
Pf3D7_13_v3	1124938	+
Pf3D7_04_v3	541579	-
Pf3D7_10_v3	1451918	+
Pf3D7_10_v3	943974	-
Pf3D7_14_v3	8665	+
Pf3D7_09_v3	1383290	+
Pf3D7_08_v3	1085167	-
Pf3D7_12_v3	84952	+
Pf3D7_06_v3	1082579	-
Pf3D7_04_v3	644390	+
Pf3D7_10_v3	128599	+
Pf3D7_09_v3	326771	+
Pf3D7_06_v3	279301	+
Pf3D7_08_v3	707659	-
Pf3D7_08_v3	687318	+
Pf3D7_07_v3	1193210	-
Pf3D7_08_v3	964918	-
Pf3D7_12_v3	1186272	+
Pf3D7_07_v3	402604	-
Pf3D7_14_v3	2166946	-
Pf3D7_14_v3	1378144	+
Pf3D7_10_v3	206298	-
Pf3D7_07_v3	1235028	+
Pf3D7_10_v3	1436275	+
Pf3D7_13_v3	2729502	-
Pf3D7_12_v3	415334	+
Pf3D7_13_v3	1670986	-
Pf3D7_10_v3	1393802	+
Pf3D7_11_v3	1975725	+
Pf3D7_07_v3	177959	+
Pf3D7_13_v3	52341	+
Pf3D7_05_v3	998184	-
Pf3D7_12_v3	1446270	-
Pf3D7_14_v3	51406	+
Pf3D7_04_v3	477280	-
Pf3D7_11_v3	1522142	-
Pf3D7_03_v3	608605	-
Pf3D7_12_v3	2130253	+
Pf3D7_03_v3	351970	-
Pf3D7_14_v3	1868716	-
Pf3D7_04_v3	600145	-
Pf3D7_14_v3	2413254	+
Pf3D7_13_v3	1613097	-
Pf3D7_11_v3	1032101	-
Pf3D7_13_v3	1202747	+
Pf3D7_13_v3	1483134	+
Pf3D7_14_v3	2094130	+
Pf3D7_06_v3	768655	-
Pf3D7_11_v3	965628	-
Pf3D7_03_v3	608240	-
Pf3D7_11_v3	1574117	-
Pf3D7_05_v3	232558	-
Pf3D7_11_v3	366361	-
Pf3D7_11_v3	541621	-
Pf3D7_09_v3	1424798	-
Pf3D7_10_v3	1178081	+
Pf3D7_13_v3	720675	-
Pf3D7_13_v3	1580492	-
Pf3D7_10_v3	436535	-
Pf3D7_11_v3	1164837	-
Pf3D7_14_v3	1723531	-
Pf3D7_04_v3	153404	+
Pf3D7_04_v3	111859	+
Pf3D7_03_v3	425723	+
Pf3D7_12_v3	540614	-
Pf3D7_09_v3	366491	+
Pf3D7_13_v3	978957	+
Pf3D7_12_v3	829199	-
Pf3D7_07_v3	1347641	+
Pf3D7_14_v3	924215	-
Pf3D7_13_v3	694764	+
Pf3D7_06_v3	1198778	+
Pf3D7_08_v3	651180	-
Pf3D7_07_v3	835157	+
Pf3D7_04_v3	1084530	-
Pf3D7_04_v3	845474	-
Pf3D7_14_v3	1874817	-
Pf3D7_09_v3	800039	-
Pf3D7_08_v3	1043130	+
Pf3D7_12_v3	2185543	-
Pf3D7_11_v3	126823	-
Pf3D7_14_v3	1877464	+
Pf3D7_13_v3	1162527	-
Pf3D7_10_v3	163275	+
Pf3D7_08_v3	898696	-
Pf3D7_14_v3	3075620	+
Pf3D7_12_v3	1957354	+
Pf3D7_14_v3	2233087	-
Pf3D7_04_v3	127223	+
Pf3D7_13_v3	2787325	-
Pf3D7_12_v3	29714	-
Pf3D7_04_v3	206120	+
Pf3D7_11_v3	927795	+
Pf3D7_12_v3	1201516	-
Pf3D7_01_v3	286650	-
Pf3D7_09_v3	1207078	-
Pf3D7_13_v3	2173284	+
Pf3D7_07_v3	367758	-
Pf3D7_09_v3	1309119	-
Pf3D7_09_v3	922136	+
Pf3D7_07_v3	537618	+
Pf3D7_14_v3	1444275	+
Pf3D7_13_v3	1169214	+
Pf3D7_03_v3	1007103	+
Pf3D7_14_v3	3253153	+
Pf3D7_14_v3	468564	+
Pf3D7_07_v3	83138	+
Pf3D7_13_v3	2442917	-
Pf3D7_03_v3	894543	-
Pf3D7_14_v3	3282427	-
Pf3D7_12_v3	694450	-
Pf3D7_12_v3	341785	-
Pf3D7_03_v3	508972	-
Pf3D7_14_v3	895479	+
Pf3D7_02_v3	35005	+
Pf3D7_06_v3	480063	+
Pf3D7_04_v3	710689	-
Pf3D7_13_v3	1047042	+
Pf3D7_05_v3	881887	+
Pf3D7_14_v3	1216143	-
Pf3D7_12_v3	502448	-
Pf3D7_02_v3	148542	+
Pf3D7_01_v3	116287	-
Pf3D7_02_v3	564633	-
Pf3D7_11_v3	1317641	-
Pf3D7_13_v3	1626339	-
Pf3D7_06_v3	448468	-
Pf3D7_13_v3	2756521	+
Pf3D7_02_v3	718859	+
Pf3D7_13_v3	1612515	-
Pf3D7_14_v3	1652283	+
Pf3D7_13_v3	913030	-
Pf3D7_12_v3	1524692	+
Pf3D7_13_v3	2470452	+
Pf3D7_02_v3	251814	-
Pf3D7_05_v3	987414	-
Pf3D7_04_v3	277406	+
Pf3D7_10_v3	683016	+
Pf3D7_13_v3	276864	+
Pf3D7_11_v3	1919093	+
Pf3D7_13_v3	2792647	-
Pf3D7_04_v3	1046843	+
Pf3D7_13_v3	50419	+
Pf3D7_05_v3	763398	+
Pf3D7_06_v3	1201129	+
Pf3D7_12_v3	1793296	-
Pf3D7_14_v3	2908648	-
Pf3D7_11_v3	1454989	-
Pf3D7_02_v3	634241	+
Pf3D7_11_v3	1579172	-
Pf3D7_02_v3	307045	-
Pf3D7_14_v3	571802	+
Pf3D7_12_v3	1786594	-
Pf3D7_05_v3	284488	+
Pf3D7_03_v3	535522	-
Pf3D7_05_v3	535180	-
Pf3D7_14_v3	2904021	-
Pf3D7_09_v3	1309090	+
Pf3D7_13_v3	1239406	+
Pf3D7_11_v3	2023310	-
Pf3D7_11_v3	541676	+
Pf3D7_04_v3	776745	+
Pf3D7_14_v3	2093710	+
Pf3D7_07_v3	522813	+
Pf3D7_11_v3	663034	-
Pf3D7_12_v3	1570780	-
Pf3D7_12_v3	313495	+
Pf3D7_14_v3	1978980	+
Pf3D7_04_v3	868803	+
Pf3D7_10_v3	782158	+
Pf3D7_09_v3	51539	+
Pf3D7_10_v3	78730	+
Pf3D7_04_v3	150980	+
Pf3D7_04_v3	525748	+
Pf3D7_06_v3	1338139	+
Pf3D7_07_v3	600731	+
Pf3D7_09_v3	597688	-
Pf3D7_11_v3	1435477	+
Pf3D7_11_v3	1994089	-
Pf3D7_09_v3	189374	+
Pf3D7_09_v3	121165	+
Pf3D7_05_v3	1311294	-
Pf3D7_11_v3	928558	+
Pf3D7_07_v3	904105	+
Pf3D7_02_v3	149426	-
Pf3D7_09_v3	360114	+
Pf3D7_10_v3	74304	+
Pf3D7_06_v3	89640	+
Pf3D7_11_v3	542172	+
Pf3D7_11_v3	379089	-
Pf3D7_12_v3	1615052	+
Pf3D7_12_v3	279923	+
Pf3D7_12_v3	414587	+
Pf3D7_07_v3	880934	+
Pf3D7_13_v3	1316330	+
Pf3D7_11_v3	83874	+
Pf3D7_09_v3	664600	-
Pf3D7_11_v3	1812499	-
Pf3D7_08_v3	564547	+
Pf3D7_10_v3	914737	-
Pf3D7_13_v3	77027	+
Pf3D7_14_v3	617626	+
Pf3D7_14_v3	1510357	+
Pf3D7_10_v3	673039	+
Pf3D7_10_v3	1124450	+
Pf3D7_13_v3	1584978	+
Pf3D7_07_v3	835409	-
Pf3D7_13_v3	2448886	+
Pf3D7_10_v3	470106	+
Pf3D7_04_v3	95606	+
Pf3D7_03_v3	72838	+
Pf3D7_13_v3	2578882	+
Pf3D7_02_v3	657910	+
Pf3D7_07_v3	35671	-
Pf3D7_07_v3	1356073	-
Pf3D7_05_v3	283620	+
Pf3D7_07_v3	821817	-
Pf3D7_13_v3	180019	-
Pf3D7_01_v3	333978	+
Pf3D7_13_v3	2205723	+
Pf3D7_13_v3	2876925	+
Pf3D7_08_v3	819644	+
Pf3D7_04_v3	1020357	-
Pf3D7_11_v3	1204108	-
Pf3D7_04_v3	154691	+
Pf3D7_08_v3	663540	-
Pf3D7_14_v3	2406510	-
Pf3D7_14_v3	3225355	+
Pf3D7_13_v3	914227	-
Pf3D7_07_v3	732006	+
Pf3D7_12_v3	1251705	-
Pf3D7_12_v3	1687482	+
Pf3D7_08_v3	1167483	-
Pf3D7_12_v3	102788	-
Pf3D7_01_v3	248986	+
Pf3D7_05_v3	1124699	-
Pf3D7_10_v3	1232150	+
Pf3D7_05_v3	48843	+
Pf3D7_05_v3	83905	+
Pf3D7_13_v3	2433698	+
Pf3D7_14_v3	3136674	-
Pf3D7_11_v3	179440	-
Pf3D7_13_v3	2493061	+
Pf3D7_14_v3	3155416	+
Pf3D7_04_v3	680973	+
Pf3D7_09_v3	1070777	+
Pf3D7_08_v3	1301881	-
Pf3D7_03_v3	233934	-
Pf3D7_13_v3	510462	+
Pf3D7_09_v3	717898	+
Pf3D7_09_v3	1467272	+
Pf3D7_04_v3	944049	+
Pf3D7_05_v3	456727	+
Pf3D7_14_v3	1106765	+
Pf3D7_02_v3	387211	-
Pf3D7_06_v3	287588	+
Pf3D7_07_v3	303219	-
Pf3D7_10_v3	391934	-
Pf3D7_11_v3	870014	+
Pf3D7_10_v3	452238	+
Pf3D7_03_v3	328542	-
Pf3D7_06_v3	545420	-
Pf3D7_13_v3	2629021	+
Pf3D7_12_v3	46418	-
Pf3D7_12_v3	310617	+
Pf3D7_12_v3	801265	-
Pf3D7_13_v3	706717	+
Pf3D7_02_v3	738482	+
Pf3D7_08_v3	688310	+
Pf3D7_10_v3	1556482	-
Pf3D7_07_v3	1415862	+
Pf3D7_13_v3	2637523	-
Pf3D7_10_v3	236873	-
Pf3D7_13_v3	821471	+
Pf3D7_13_v3	2802382	-
Pf3D7_10_v3	689114	-
Pf3D7_14_v3	1183202	+
Pf3D7_11_v3	907600	+
Pf3D7_13_v3	2781591	-
Pf3D7_08_v3	75977	-
Pf3D7_10_v3	575152	-
Pf3D7_10_v3	1356248	+
Pf3D7_03_v3	868962	-
Pf3D7_08_v3	1388041	+
Pf3D7_14_v3	1418231	+
Pf3D7_11_v3	1935916	+
Pf3D7_05_v3	389820	+
Pf3D7_08_v3	51018	+
Pf3D7_05_v3	729535	-
Pf3D7_01_v3	552167	-
Pf3D7_14_v3	1637993	-
Pf3D7_09_v3	1064394	-
Pf3D7_07_v3	655773	-
Pf3D7_11_v3	1140495	-
Pf3D7_01_v3	174949	-
Pf3D7_06_v3	1334888	+
Pf3D7_12_v3	1629834	+
Pf3D7_11_v3	1990852	+
Pf3D7_14_v3	2953607	-
Pf3D7_11_v3	1695393	-
Pf3D7_10_v3	119132	+
Pf3D7_13_v3	670999	+
Pf3D7_14_v3	1031034	-
Pf3D7_12_v3	2015878	+
Pf3D7_14_v3	2497694	+
Pf3D7_13_v3	1186594	+
Pf3D7_14_v3	195885	-
Pf3D7_04_v3	72829	+
Pf3D7_12_v3	2224259	+
Pf3D7_09_v3	861157	+
Pf3D7_11_v3	129615	-
Pf3D7_12_v3	452348	-
Pf3D7_14_v3	2661599	+
Pf3D7_14_v3	3020126	+
Pf3D7_07_v3	177804	-
Pf3D7_12_v3	2240392	+
Pf3D7_13_v3	406908	-
Pf3D7_08_v3	211670	+
Pf3D7_04_v3	246045	+
Pf3D7_02_v3	275232	+
Pf3D7_13_v3	1066418	-
Pf3D7_10_v3	382783	-
Pf3D7_14_v3	3060650	-
Pf3D7_09_v3	1410038	-
Pf3D7_14_v3	2847133	+
Pf3D7_09_v3	185764	+
Pf3D7_13_v3	1461613	-
Pf3D7_03_v3	361762	-
Pf3D7_11_v3	163928	-
Pf3D7_13_v3	1631471	-
Pf3D7_14_v3	1575381	+
Pf3D7_13_v3	2123057	-
Pf3D7_02_v3	171274	-
Pf3D7_08_v3	823620	-
Pf3D7_02_v3	468793	+
Pf3D7_03_v3	985361	-
Pf3D7_12_v3	916914	+
Pf3D7_12_v3	1859325	+
Pf3D7_13_v3	966578	+
Pf3D7_14_v3	160298	+
Pf3D7_13_v3	115106	+
Pf3D7_13_v3	1613088	-
Pf3D7_02_v3	474981	+
Pf3D7_06_v3	332184	+
Pf3D7_11_v3	1725522	+
Pf3D7_14_v3	15873	+
Pf3D7_01_v3	102686	-
Pf3D7_10_v3	947467	+
Pf3D7_12_v3	972268	-
Pf3D7_02_v3	45074	+
Pf3D7_08_v3	1424139	-
Pf3D7_14_v3	857695	-
Pf3D7_12_v3	833818	-
Pf3D7_06_v3	432659	-
Pf3D7_13_v3	2829521	-
Pf3D7_08_v3	249515	+
Pf3D7_13_v3	2830838	+
Pf3D7_07_v3	474435	+
Pf3D7_11_v3	971750	-
Pf3D7_08_v3	1369611	-
Pf3D7_06_v3	1299560	+
Pf3D7_14_v3	628984	+
Pf3D7_05_v3	653062	+
Pf3D7_03_v3	361942	+
Pf3D7_08_v3	99717	-
Pf3D7_12_v3	1957669	-
Pf3D7_13_v3	1753760	-
Pf3D7_14_v3	3274332	+
Pf3D7_07_v3	393290	-
Pf3D7_09_v3	108816	+
Pf3D7_04_v3	589406	+
Pf3D7_11_v3	594684	+
Pf3D7_14_v3	3258567	-
Pf3D7_12_v3	1592143	-
Pf3D7_11_v3	1063076	+
Pf3D7_08_v3	1294768	+
Pf3D7_14_v3	1349453	-
Pf3D7_10_v3	524553	+
Pf3D7_04_v3	536742	+
Pf3D7_08_v3	668541	+
Pf3D7_02_v3	876266	+
Pf3D7_05_v3	989644	-
Pf3D7_01_v3	415811	+
Pf3D7_09_v3	1174451	-
Pf3D7_11_v3	2000044	+
Pf3D7_08_v3	124696	-
Pf3D7_09_v3	409845	-
Pf3D7_14_v3	2422993	-
Pf3D7_13_v3	450100	+
Pf3D7_10_v3	1577883	+
Pf3D7_07_v3	96079	+
Pf3D7_14_v3	895150	+
Pf3D7_06_v3	354665	+
Pf3D7_07_v3	1125384	+
Pf3D7_14_v3	1170257	-
Pf3D7_10_v3	1329597	+
Pf3D7_13_v3	177812	-
Pf3D7_11_v3	976700	-
Pf3D7_12_v3	435920	+
Pf3D7_07_v3	479193	+
Pf3D7_06_v3	490328	+
Pf3D7_07_v3	1051195	-
Pf3D7_04_v3	1051244	+
Pf3D7_14_v3	365121	+
Pf3D7_07_v3	74488	+
Pf3D7_11_v3	297242	+
Pf3D7_13_v3	1412077	-
Pf3D7_13_v3	1235989	-
Pf3D7_09_v3	821823	-
Pf3D7_10_v3	102476	-
Pf3D7_14_v3	3219459	+
Pf3D7_12_v3	905880	+
Pf3D7_13_v3	1900134	+
Pf3D7_14_v3	1017000	+
Pf3D7_13_v3	1318289	+
Pf3D7_05_v3	580487	-
Pf3D7_11_v3	313937	+
Pf3D7_03_v3	791793	-
Pf3D7_12_v3	422455	+
Pf3D7_14_v3	2326212	-
Pf3D7_10_v3	917614	-
Pf3D7_09_v3	699874	-
Pf3D7_02_v3	137420	-
Pf3D7_14_v3	2436415	+
Pf3D7_03_v3	816902	+
Pf3D7_02_v3	276785	-
Pf3D7_06_v3	608814	+
Pf3D7_02_v3	852534	+
Pf3D7_09_v3	1246897	+
Pf3D7_10_v3	1014247	+
Pf3D7_07_v3	767211	-
Pf3D7_02_v3	540110	-
Pf3D7_03_v3	1020905	+
Pf3D7_08_v3	1070307	-
Pf3D7_02_v3	785068	-
Pf3D7_12_v3	1527383	+
Pf3D7_05_v3	1078337	+
Pf3D7_07_v3	537965	+
Pf3D7_08_v3	1324309	-
Pf3D7_09_v3	327387	+
Pf3D7_01_v3	61891	-
Pf3D7_03_v3	1027172	+
Pf3D7_14_v3	84465	-
Pf3D7_01_v3	56003	-
Pf3D7_10_v3	782270	-
Pf3D7_10_v3	380661	-
Pf3D7_07_v3	1344393	-
Pf3D7_09_v3	662798	+
Pf3D7_13_v3	1172148	-
Pf3D7_13_v3	2561107	-
Pf3D7_06_v3	955392	+
Pf3D7_07_v3	1049417	+
Pf3D7_06_v3	519865	+
Pf3D7_10_v3	172186	-
Pf3D7_12_v3	1104301	+
Pf3D7_06_v3	171019	-
Pf3D7_07_v3	1303735	+
Pf3D7_14_v3	1702153	-
Pf3D7_02_v3	467517	+
Pf3D7_09_v3	1360071	-
Pf3D7_12_v3	1823100	-
Pf3D7_04_v3	931798	-
Pf3D7_02_v3	449844	-
Pf3D7_04_v3	610505	+
Pf3D7_14_v3	1449835	-
Pf3D7_01_v3	217853	+
Pf3D7_05_v3	663025	-
Pf3D7_02_v3	65298	-
Pf3D7_03_v3	1007353	-
Pf3D7_11_v3	1692315	+
Pf3D7_06_v3	505437	-
Pf3D7_11_v3	455509	+
Pf3D7_11_v3	970054	-
Pf3D7_13_v3	2759007	-
Pf3D7_01_v3	106425	-
Pf3D7_13_v3	2831200	+
Pf3D7_11_v3	1658933	+
Pf3D7_05_v3	35936	-
Pf3D7_13_v3	949560	-
Pf3D7_13_v3	2861617	-
Pf3D7_06_v3	796753	+
Pf3D7_14_v3	1451869	+
Pf3D7_09_v3	1212136	+
Pf3D7_11_v3	1266132	+
Pf3D7_14_v3	3019084	-
Pf3D7_08_v3	589775	-
Pf3D7_13_v3	1878680	+
Pf3D7_07_v3	937288	+
Pf3D7_13_v3	1582877	+
Pf3D7_11_v3	1198597	-
Pf3D7_05_v3	1301048	+
Pf3D7_09_v3	251040	+
Pf3D7_07_v3	926072	+
Pf3D7_03_v3	193075	-
Pf3D7_02_v3	48097	-
Pf3D7_08_v3	212050	+
Pf3D7_01_v3	445926	+
Pf3D7_05_v3	70208	+
Pf3D7_12_v3	2125324	+
Pf3D7_12_v3	1757487	+
Pf3D7_13_v3	101382	+
Pf3D7_07_v3	916155	-
Pf3D7_14_v3	726738	-
Pf3D7_11_v3	1040141	-
Pf3D7_04_v3	316475	-
Pf3D7_04_v3	727609	-
Pf3D7_12_v3	1371534	-
Pf3D7_05_v3	280751	+
Pf3D7_10_v3	749753	+
Pf3D7_14_v3	3179188	-
Pf3D7_01_v3	94991	+
Pf3D7_01_v3	378708	+
Pf3D7_14_v3	3192855	-
Pf3D7_11_v3	816442	+
Pf3D7_04_v3	330408	-
Pf3D7_14_v3	899644	-
Pf3D7_14_v3	506180	+
Pf3D7_10_v3	1462261	+
Pf3D7_11_v3	1729436	-
Pf3D7_06_v3	1270906	-
Pf3D7_02_v3	532781	-
Pf3D7_11_v3	1055109	+
Pf3D7_07_v3	354811	+
Pf3D7_12_v3	658660	+
Pf3D7_13_v3	2431714	+
Pf3D7_01_v3	429141	+
Pf3D7_11_v3	1074578	+
Pf3D7_06_v3	257135	-
Pf3D7_14_v3	352417	+
Pf3D7_06_v3	774207	-
Pf3D7_11_v3	1435285	+
Pf3D7_11_v3	132054	-
Pf3D7_08_v3	1357582	+
Pf3D7_12_v3	979222	+
Pf3D7_12_v3	2130937	+
Pf3D7_11_v3	403332	-
Pf3D7_13_v3	601936	+
Pf3D7_14_v3	2996094	+
Pf3D7_09_v3	377510	-
Pf3D7_10_v3	946387	+
Pf3D7_01_v3	290215	+
Pf3D7_13_v3	1520190	+
Pf3D7_10_v3	1125134	+
Pf3D7_09_v3	109058	+
Pf3D7_03_v3	598861	-
Pf3D7_14_v3	708619	+
Pf3D7_08_v3	1344260	-
Pf3D7_12_v3	1090666	-
Pf3D7_04_v3	905074	+
Pf3D7_14_v3	2464915	+
Pf3D7_05_v3	422640	-
Pf3D7_05_v3	939051	+
Pf3D7_14_v3	29476	+
Pf3D7_14_v3	1252466	-
Pf3D7_05_v3	1180132	-
Pf3D7_09_v3	1473145	-
Pf3D7_12_v3	2237463	+
Pf3D7_14_v3	450086	+
Pf3D7_08_v3	956557	-
Pf3D7_10_v3	1021263	-
Pf3D7_13_v3	158982	+
Pf3D7_12_v3	2206760	+
Pf3D7_13_v3	1208275	+
Pf3D7_11_v3	476975	-
Pf3D7_03_v3	859066	-
Pf3D7_14_v3	1050714	-
Pf3D7_14_v3	160729	-
Pf3D7_13_v3	1553896	+
Pf3D7_03_v3	723327	-
Pf3D7_05_v3	1036040	-
Pf3D7_13_v3	230656	-
Pf3D7_01_v3	518592	+
Pf3D7_14_v3	2892220	+
Pf3D7_08_v3	914284	-
Pf3D7_12_v3	1988213	-
Pf3D7_14_v3	645337	-
Pf3D7_08_v3	1337407	+
Pf3D7_07_v3	949204	-
Pf3D7_11_v3	1385794	-
Pf3D7_11_v3	726671	-
Pf3D7_09_v3	128717	+
Pf3D7_11_v3	1232490	+
Pf3D7_14_v3	1865754	+
Pf3D7_09_v3	1445945	+
Pf3D7_05_v3	838130	-
Pf3D7_08_v3	917825	+
Pf3D7_08_v3	1323246	-
Pf3D7_04_v3	458785	+
Pf3D7_05_v3	36167	+
Pf3D7_12_v3	1148046	+
Pf3D7_08_v3	60430	+
Pf3D7_14_v3	2313615	-
Pf3D7_06_v3	539774	-
Pf3D7_03_v3	697256	+
Pf3D7_13_v3	478965	-
Pf3D7_14_v3	518457	+
Pf3D7_06_v3	1339629	-
Pf3D7_05_v3	987903	+
Pf3D7_05_v3	596722	-
Pf3D7_10_v3	1159079	+
Pf3D7_09_v3	1456122	+
Pf3D7_06_v3	931487	-
Pf3D7_02_v3	402456	-
Pf3D7_10_v3	213175	-
Pf3D7_14_v3	2426660	+
Pf3D7_12_v3	414560	+
Pf3D7_10_v3	495249	-
Pf3D7_03_v3	1009266	-
Pf3D7_06_v3	750333	-
Pf3D7_07_v3	355500	-
Pf3D7_13_v3	739280	+
Pf3D7_14_v3	417881	-
Pf3D7_14_v3	1005686	+
Pf3D7_14_v3	3021737	+
Pf3D7_14_v3	2972337	+
Pf3D7_14_v3	2261311	-
Pf3D7_03_v3	69171	-
Pf3D7_04_v3	607414	-
Pf3D7_07_v3	589372	-
Pf3D7_11_v3	126554	+
Pf3D7_03_v3	665710	+
Pf3D7_13_v3	2675214	+
Pf3D7_11_v3	1593725	+
Pf3D7_10_v3	1593978	-
Pf3D7_05_v3	71321	+
Pf3D7_06_v3	766743	-
Pf3D7_04_v3	1135689	-
Pf3D7_13_v3	2799343	-
Pf3D7_11_v3	807696	-
Pf3D7_13_v3	55488	+
Pf3D7_07_v3	384684	+
Pf3D7_08_v3	789916	-
Pf3D7_09_v3	64014	-
Pf3D7_13_v3	644273	-
Pf3D7_13_v3	919336	+
Pf3D7_05_v3	1073063	-
Pf3D7_14_v3	2004362	+
Pf3D7_04_v3	164967	+
Pf3D7_14_v3	869827	+
Pf3D7_03_v3	743581	+
Pf3D7_06_v3	1036921	-
Pf3D7_13_v3	2683463	+
Pf3D7_05_v3	440096	-
Pf3D7_09_v3	243429	+
Pf3D7_09_v3	1100920	+
Pf3D7_06_v3	596686	+
Pf3D7_12_v3	1802791	-
Pf3D7_13_v3	2789477	+
Pf3D7_14_v3	368674	+
Pf3D7_08_v3	58717	+
Pf3D7_10_v3	1348336	+
Pf3D7_06_v3	691306	-
Pf3D7_06_v3	562022	+
Pf3D7_04_v3	1148567	+
Pf3D7_14_v3	1958427	+
Pf3D7_14_v3	659151	+
Pf3D7_13_v3	1066430	+
Pf3D7_10_v3	1031742	-
Pf3D7_10_v3	403112	+
Pf3D7_10_v3	1330569	-
Pf3D7_10_v3	1462322	+
Pf3D7_09_v3	736147	+
Pf3D7_04_v3	470388	-
Pf3D7_04_v3	305377	-
Pf3D7_14_v3	2253237	-
Pf3D7_10_v3	223766	+
Pf3D7_14_v3	2267170	+
Pf3D7_05_v3	48438	-
Pf3D7_11_v3	142459	-
Pf3D7_05_v3	1100357	-
Pf3D7_06_v3	767372	+
Pf3D7_02_v3	50968	+
Pf3D7_04_v3	146834	-
Pf3D7_14_v3	1408458	+
Pf3D7_07_v3	1018402	+
Pf3D7_11_v3	1377490	-
Pf3D7_09_v3	1410694	+
Pf3D7_08_v3	1412802	+
Pf3D7_10_v3	1369449	-
Pf3D7_05_v3	640986	+
Pf3D7_14_v3	3128144	+
Pf3D7_13_v3	2018894	-
Pf3D7_13_v3	153815	-
Pf3D7_09_v3	1461429	-
Pf3D7_04_v3	995564	-
Pf3D7_14_v3	1501002	-
Pf3D7_08_v3	89674	-
Pf3D7_02_v3	524292	+
Pf3D7_08_v3	105871	-
Pf3D7_13_v3	1476010	-
Pf3D7_11_v3	1740841	+
Pf3D7_13_v3	420591	-
Pf3D7_13_v3	1456026	-
Pf3D7_05_v3	1174698	+
Pf3D7_14_v3	1556876	+
Pf3D7_09_v3	802534	+
Pf3D7_12_v3	75823	-
Pf3D7_01_v3	68793	+
Pf3D7_14_v3	3200815	-
Pf3D7_07_v3	38590	+
Pf3D7_02_v3	808701	+
Pf3D7_09_v3	1296951	-
Pf3D7_04_v3	396556	+
Pf3D7_04_v3	980302	-
Pf3D7_11_v3	1947943	+
Pf3D7_08_v3	1301652	-
Pf3D7_14_v3	1519623	-
Pf3D7_07_v3	953373	-
Pf3D7_12_v3	2132994	-
Pf3D7_09_v3	1364080	-
Pf3D7_12_v3	582135	-
Pf3D7_11_v3	1166444	+
Pf3D7_10_v3	56016	-
Pf3D7_14_v3	2208940	+
Pf3D7_08_v3	111413	+
Pf3D7_05_v3	380624	+
Pf3D7_12_v3	987785	-
Pf3D7_13_v3	2675543	-
Pf3D7_02_v3	252376	+
Pf3D7_09_v3	1105653	+
Pf3D7_14_v3	793731	+
Pf3D7_13_v3	395225	-
Pf3D7_14_v3	3177223	+
Pf3D7_10_v3	1356126	+
Pf3D7_12_v3	582475	+
Pf3D7_07_v3	539061	+
Pf3D7_14_v3	2121489	-
Pf3D7_08_v3	684939	+
Pf3D7_13_v3	94945	-
Pf3D7_09_v3	38014	-
Pf3D7_11_v3	316574	-
Pf3D7_12_v3	1994452	-
Pf3D7_10_v3	800034	-
Pf3D7_14_v3	1107506	+
Pf3D7_09_v3	377237	-
Pf3D7_12_v3	256357	-
Pf3D7_08_v3	105249	+
Pf3D7_09_v3	112935	-
Pf3D7_09_v3	860819	+
Pf3D7_04_v3	314083	-
Pf3D7_03_v3	535838	-
Pf3D7_12_v3	734991	-
Pf3D7_12_v3	478753	+
Pf3D7_12_v3	644436	+
Pf3D7_01_v3	463241	-
Pf3D7_07_v3	1162468	-
Pf3D7_05_v3	868539	+
Pf3D7_13_v3	1091528	-
Pf3D7_14_v3	51689	-
Pf3D7_06_v3	624515	+
Pf3D7_12_v3	745281	-
Pf3D7_04_v3	408222	-
Pf3D7_06_v3	1307532	+
Pf3D7_04_v3	618785	+
Pf3D7_07_v3	77809	+
Pf3D7_12_v3	903911	+
Pf3D7_14_v3	1210837	-
Pf3D7_05_v3	997741	-
Pf3D7_10_v3	1588578	-
Pf3D7_12_v3	1603596	-
Pf3D7_14_v3	2262012	-
Pf3D7_11_v3	1426430	+
Pf3D7_06_v3	840449	-
Pf3D7_11_v3	1799783	+
Pf3D7_07_v3	984645	+
Pf3D7_14_v3	2812531	-
Pf3D7_08_v3	1401105	-
Pf3D7_12_v3	1163675	+
Pf3D7_01_v3	518868	+
Pf3D7_08_v3	1407203	+
Pf3D7_14_v3	380709	+
Pf3D7_11_v3	1430263	+
Pf3D7_09_v3	966762	-
Pf3D7_14_v3	1868756	-
Pf3D7_13_v3	2842390	+
Pf3D7_07_v3	1047015	+
Pf3D7_10_v3	1623712	-
Pf3D7_10_v3	385816	+
Pf3D7_11_v3	1947581	-
Pf3D7_07_v3	1356061	+
Pf3D7_06_v3	559214	-
Pf3D7_14_v3	1257618	-
Pf3D7_14_v3	1560991	+
Pf3D7_13_v3	2618840	-
Pf3D7_14_v3	2850009	+
Pf3D7_13_v3	268049	+
Pf3D7_13_v3	739335	-
Pf3D7_13_v3	698168	+
Pf3D7_10_v3	197164	+
Pf3D7_09_v3	1258351	+
Pf3D7_06_v3	476413	-
Pf3D7_12_v3	216028	-
Pf3D7_07_v3	232115	+
Pf3D7_06_v3	898263	+
Pf3D7_11_v3	846045	+
Pf3D7_09_v3	138745	+
Pf3D7_05_v3	1328695	+
Pf3D7_13_v3	1947628	-
Pf3D7_14_v3	50604	-
Pf3D7_05_v3	122899	-
Pf3D7_01_v3	176547	-
Pf3D7_07_v3	1385117	+
Pf3D7_13_v3	1544200	+
Pf3D7_13_v3	2494393	-
Pf3D7_04_v3	615352	-
Pf3D7_13_v3	978713	+
Pf3D7_04_v3	90937	+
Pf3D7_08_v3	1241205	-
Pf3D7_14_v3	3275367	+
Pf3D7_05_v3	750582	+
Pf3D7_04_v3	1020488	-
Pf3D7_09_v3	463089	+
Pf3D7_11_v3	1676049	+
Pf3D7_14_v3	1784866	+
Pf3D7_14_v3	2918197	+
Pf3D7_02_v3	911087	-
Pf3D7_04_v3	605298	-
Pf3D7_13_v3	1389744	-
Pf3D7_06_v3	1199026	-
Pf3D7_14_v3	588638	+
Pf3D7_12_v3	653495	+
Pf3D7_03_v3	1023502	+
Pf3D7_13_v3	2329669	-
Pf3D7_05_v3	355690	-
Pf3D7_09_v3	489120	+
Pf3D7_11_v3	118418	-
Pf3D7_10_v3	629288	+
Pf3D7_12_v3	1199899	+
Pf3D7_12_v3	413339	+
Pf3D7_14_v3	3178035	+
Pf3D7_14_v3	3284376	+
Pf3D7_10_v3	1012704	+
Pf3D7_03_v3	610833	-
Pf3D7_12_v3	2164002	-
Pf3D7_14_v3	2823064	+
Pf3D7_07_v3	936985	+
Pf3D7_09_v3	1368500	-
Pf3D7_09_v3	526779	-
Pf3D7_02_v3	558159	+
Pf3D7_12_v3	849396	+
Pf3D7_08_v3	395581	+
Pf3D7_13_v3	1315958	+
Pf3D7_13_v3	2321810	+
Pf3D7_13_v3	2083301	+
Pf3D7_09_v3	324225	-
Pf3D7_07_v3	1019183	+
Pf3D7_13_v3	369561	-
Pf3D7_13_v3	1623570	-
Pf3D7_10_v3	419834	+
Pf3D7_14_v3	802539	-
Pf3D7_04_v3	728805	+
Pf3D7_14_v3	461312	+
Pf3D7_03_v3	633863	+
Pf3D7_04_v3	1004243	+
Pf3D7_10_v3	1411703	-
Pf3D7_02_v3	879448	-
Pf3D7_02_v3	591471	+
Pf3D7_01_v3	46941	-
Pf3D7_09_v3	775768	-
Pf3D7_13_v3	982374	+
Pf3D7_02_v3	119367	-
Pf3D7_12_v3	413632	+
Pf3D7_13_v3	2127545	-
Pf3D7_05_v3	130056	-
Pf3D7_04_v3	823424	+
Pf3D7_14_v3	52001	-
Pf3D7_13_v3	2127648	-
Pf3D7_10_v3	1515682	-
Pf3D7_13_v3	2031435	-
Pf3D7_03_v3	578886	+
Pf3D7_08_v3	1333110	-
Pf3D7_13_v3	89207	+
Pf3D7_06_v3	891127	+
Pf3D7_13_v3	458582	+
Pf3D7_10_v3	680803	+
Pf3D7_13_v3	413464	+
Pf3D7_09_v3	1408295	+
Pf3D7_08_v3	715669	+
Pf3D7_05_v3	1331233	-
Pf3D7_05_v3	1098913	+
Pf3D7_13_v3	436371	+
Pf3D7_04_v3	147084	+
Pf3D7_03_v3	383389	-
Pf3D7_05_v3	343867	+
Pf3D7_05_v3	327097	+
Pf3D7_13_v3	2128257	-
Pf3D7_08_v3	1390774	+
Pf3D7_14_v3	3156123	-
Pf3D7_04_v3	602315	-
Pf3D7_12_v3	434254	+
Pf3D7_09_v3	1081876	-
Pf3D7_08_v3	1298841	-
Pf3D7_14_v3	381878	-
Pf3D7_14_v3	2807838	-
Pf3D7_14_v3	318819	+
Pf3D7_05_v3	745727	+
Pf3D7_06_v3	33715	+
Pf3D7_12_v3	497586	-
Pf3D7_07_v3	214061	-
Pf3D7_13_v3	49965	-
Pf3D7_11_v3	396723	-
Pf3D7_11_v3	96121	+
Pf3D7_13_v3	2230941	-
Pf3D7_12_v3	1808105	-
Pf3D7_01_v3	577435	-
Pf3D7_02_v3	489566	+
Pf3D7_11_v3	1216285	+
Pf3D7_10_v3	307128	+
Pf3D7_06_v3	952488	+
Pf3D7_09_v3	365579	+
Pf3D7_13_v3	578769	+
Pf3D7_13_v3	2194857	-
Pf3D7_11_v3	291459	+
Pf3D7_08_v3	1094955	+
Pf3D7_06_v3	1199412	+
Pf3D7_10_v3	1159277	-
Pf3D7_07_v3	840517	-
Pf3D7_11_v3	350732	-
Pf3D7_12_v3	940652	-
Pf3D7_02_v3	861893	-
Pf3D7_01_v3	51840	-
Pf3D7_05_v3	1182632	-
Pf3D7_14_v3	831946	-
Pf3D7_12_v3	238264	+
Pf3D7_05_v3	251832	-
Pf3D7_14_v3	729460	+
Pf3D7_09_v3	1476345	-
Pf3D7_10_v3	97129	+
Pf3D7_14_v3	1867009	+
Pf3D7_02_v3	768666	-
Pf3D7_05_v3	1255137	+
Pf3D7_11_v3	838178	-
Pf3D7_05_v3	816989	+
Pf3D7_12_v3	1010431	-
Pf3D7_05_v3	1223845	-
Pf3D7_03_v3	711852	+
Pf3D7_05_v3	1078824	+
Pf3D7_09_v3	462363	+
Pf3D7_05_v3	344480	+
Pf3D7_04_v3	545784	+
Pf3D7_14_v3	44126	+
Pf3D7_07_v3	984512	+
Pf3D7_08_v3	567636	-
Pf3D7_02_v3	650535	+
Pf3D7_08_v3	502314	+
Pf3D7_06_v3	1046935	+
Pf3D7_11_v3	1441192	-
Pf3D7_05_v3	1040771	-
Pf3D7_14_v3	665523	+
Pf3D7_14_v3	1690782	-
Pf3D7_03_v3	724022	-
Pf3D7_03_v3	929455	+
Pf3D7_04_v3	88993	-
Pf3D7_11_v3	1672516	+
Pf3D7_04_v3	204844	-
Pf3D7_13_v3	2811417	-
Pf3D7_13_v3	494325	-
Pf3D7_13_v3	2049998	+
Pf3D7_10_v3	1248186	+
Pf3D7_14_v3	3245323	-
Pf3D7_02_v3	368686	+
Pf3D7_08_v3	1425229	+
Pf3D7_07_v3	1083375	-
Pf3D7_14_v3	2155094	+
Pf3D7_11_v3	643479	-
Pf3D7_13_v3	1706225	-
Pf3D7_05_v3	179017	+
Pf3D7_14_v3	2879149	+
Pf3D7_10_v3	573480	+
Pf3D7_10_v3	459447	+
Pf3D7_14_v3	2706113	+
Pf3D7_08_v3	988838	+
Pf3D7_08_v3	1379015	+
Pf3D7_11_v3	817900	+
Pf3D7_04_v3	369521	-
Pf3D7_07_v3	1005995	+
Pf3D7_05_v3	769090	-
Pf3D7_03_v3	833613	-
Pf3D7_14_v3	168154	+
Pf3D7_11_v3	951372	-
Pf3D7_08_v3	528924	-
Pf3D7_09_v3	116694	+
Pf3D7_09_v3	665810	+
Pf3D7_11_v3	1979898	+
Pf3D7_14_v3	1622212	-
Pf3D7_14_v3	1780544	-
Pf3D7_08_v3	1270190	-
Pf3D7_07_v3	1259988	+
Pf3D7_09_v3	1134873	-
Pf3D7_11_v3	427088	-
Pf3D7_09_v3	1374024	-
Pf3D7_12_v3	564658	+
Pf3D7_11_v3	140940	+
Pf3D7_07_v3	987796	-
Pf3D7_08_v3	191661	+
Pf3D7_08_v3	946472	+
Pf3D7_03_v3	598386	-
Pf3D7_05_v3	85734	-
Pf3D7_12_v3	2076744	+
Pf3D7_08_v3	1209826	-
Pf3D7_05_v3	1228259	-
Pf3D7_11_v3	325851	-
Pf3D7_13_v3	513049	+
Pf3D7_06_v3	889855	+
Pf3D7_13_v3	2199210	-
Pf3D7_14_v3	1638896	-
Pf3D7_11_v3	1116739	-
Pf3D7_12_v3	780205	+
Pf3D7_02_v3	593868	-
Pf3D7_14_v3	2085061	+
Pf3D7_08_v3	1295587	-
Pf3D7_14_v3	1560705	-
Pf3D7_11_v3	683474	-
Pf3D7_01_v3	104089	-
Pf3D7_02_v3	208531	-
Pf3D7_12_v3	1045235	-
Pf3D7_11_v3	326750	-
Pf3D7_01_v3	573143	+
Pf3D7_13_v3	225216	-
Pf3D7_13_v3	2807714	+
Pf3D7_10_v3	515611	-
Pf3D7_09_v3	1425829	+
Pf3D7_01_v3	118365	+
Pf3D7_13_v3	1294333	-
Pf3D7_07_v3	1295581	+
Pf3D7_14_v3	455660	+
Pf3D7_08_v3	827730	-
Pf3D7_11_v3	373014	-
Pf3D7_06_v3	1189078	+
Pf3D7_04_v3	1139525	-
Pf3D7_13_v3	988673	+
Pf3D7_10_v3	518316	+
Pf3D7_10_v3	1458744	+
Pf3D7_14_v3	2555525	-
Pf3D7_14_v3	2502602	+
Pf3D7_13_v3	2862401	+
Pf3D7_05_v3	653209	+
Pf3D7_11_v3	1049337	-
Pf3D7_14_v3	435886	-
Pf3D7_08_v3	854365	+
Pf3D7_03_v3	760735	+
Pf3D7_13_v3	1825848	-
Pf3D7_10_v3	212862	-
Pf3D7_11_v3	354298	-
Pf3D7_14_v3	2965290	-
Pf3D7_11_v3	1356233	-
Pf3D7_09_v3	527991	+
Pf3D7_08_v3	765545	+
Pf3D7_09_v3	344649	+
Pf3D7_04_v3	127113	-
Pf3D7_13_v3	1482288	-
Pf3D7_13_v3	2464087	-
Pf3D7_07_v3	91591	+
Pf3D7_07_v3	576676	-
Pf3D7_14_v3	364776	+
Pf3D7_01_v3	539185	+
Pf3D7_10_v3	1133053	-
Pf3D7_09_v3	1388664	-
Pf3D7_12_v3	1300886	-
Pf3D7_05_v3	41832	-
Pf3D7_12_v3	763859	-
Pf3D7_08_v3	911950	-
Pf3D7_11_v3	1643961	-
Pf3D7_02_v3	247816	+
Pf3D7_09_v3	1376853	-
Pf3D7_10_v3	1169917	+
Pf3D7_05_v3	1226853	+
Pf3D7_04_v3	642410	-
Pf3D7_05_v3	662837	-
Pf3D7_08_v3	144133	+
Pf3D7_03_v3	658031	+
Pf3D7_14_v3	2123312	-
Pf3D7_09_v3	62768	-
Pf3D7_13_v3	1783658	-
Pf3D7_14_v3	2776980	-
Pf3D7_03_v3	258866	+
Pf3D7_12_v3	395806	+
Pf3D7_14_v3	296319	-
Pf3D7_11_v3	1996805	-
Pf3D7_09_v3	615935	-
Pf3D7_09_v3	660167	+
Pf3D7_02_v3	138588	+
Pf3D7_10_v3	1422925	-
Pf3D7_14_v3	3200556	+
Pf3D7_14_v3	2414605	-
Pf3D7_02_v3	262495	+
Pf3D7_12_v3	1692091	+
Pf3D7_07_v3	523584	-
Pf3D7_14_v3	1023601	+
Pf3D7_02_v3	399645	-
Pf3D7_14_v3	1870573	+
Pf3D7_13_v3	2454739	+
Pf3D7_04_v3	117048	-
Pf3D7_02_v3	773090	+
Pf3D7_13_v3	2370413	-
Pf3D7_04_v3	1056741	-
Pf3D7_10_v3	1429646	-
Pf3D7_14_v3	1368641	+
Pf3D7_11_v3	412886	+
Pf3D7_08_v3	1368215	+
Pf3D7_09_v3	987110	+
Pf3D7_02_v3	815123	+
Pf3D7_14_v3	2635377	+
Pf3D7_07_v3	719738	-
Pf3D7_05_v3	692648	+
Pf3D7_07_v3	111118	+
Pf3D7_14_v3	2530711	+
Pf3D7_03_v3	595798	+
Pf3D7_14_v3	205044	-
Pf3D7_12_v3	1746127	+
Pf3D7_13_v3	2268704	+
Pf3D7_14_v3	2806124	-
Pf3D7_13_v3	2584721	+
Pf3D7_14_v3	2034222	-
Pf3D7_04_v3	330308	-
Pf3D7_13_v3	1506087	+
Pf3D7_10_v3	1636789	+
Pf3D7_10_v3	1608223	-
Pf3D7_14_v3	931324	-
Pf3D7_14_v3	2719415	-
Pf3D7_12_v3	1678373	-
Pf3D7_10_v3	250719	-
Pf3D7_09_v3	1257575	+
Pf3D7_08_v3	1142346	+
Pf3D7_08_v3	588410	-
Pf3D7_08_v3	1272304	+
Pf3D7_03_v3	486601	+
Pf3D7_03_v3	178279	+
Pf3D7_13_v3	1151112	-
Pf3D7_09_v3	1021851	+
Pf3D7_14_v3	1707952	+
Pf3D7_11_v3	1465460	+
Pf3D7_02_v3	126133	+
Pf3D7_04_v3	1080772	-
Pf3D7_05_v3	1054053	-
Pf3D7_14_v3	2807091	+
Pf3D7_05_v3	1328489	-
Pf3D7_10_v3	990821	-
Pf3D7_14_v3	1877441	+
Pf3D7_14_v3	2836993	+
Pf3D7_06_v3	392943	-
Pf3D7_02_v3	479164	+
Pf3D7_04_v3	1003591	+
Pf3D7_02_v3	829744	+
Pf3D7_05_v3	810127	+
Pf3D7_11_v3	442095	+
Pf3D7_14_v3	1248129	-
Pf3D7_10_v3	1478938	-
Pf3D7_11_v3	1812484	+
Pf3D7_05_v3	987007	-
Pf3D7_13_v3	1605701	-
Pf3D7_11_v3	1608669	-
Pf3D7_14_v3	121739	-
Pf3D7_14_v3	2166825	-
Pf3D7_08_v3	249368	-
Pf3D7_03_v3	513254	-
Pf3D7_06_v3	100944	-
Pf3D7_09_v3	798448	-
Pf3D7_14_v3	2090194	+
Pf3D7_08_v3	947526	+
Pf3D7_13_v3	890036	+
Pf3D7_10_v3	1573725	+
Pf3D7_05_v3	520090	+
Pf3D7_07_v3	988133	-
Pf3D7_12_v3	428331	-
Pf3D7_12_v3	863620	+
Pf3D7_09_v3	741680	-
Pf3D7_06_v3	180893	+
Pf3D7_12_v3	2058417	-
Pf3D7_05_v3	141552	+
Pf3D7_14_v3	1888385	-
Pf3D7_05_v3	657781	+
Pf3D7_03_v3	930418	-
Pf3D7_10_v3	544958	-
Pf3D7_10_v3	1111787	+
Pf3D7_10_v3	783919	+
Pf3D7_09_v3	781129	+
Pf3D7_14_v3	3218859	+
Pf3D7_10_v3	309314	-
Pf3D7_10_v3	132887	+
Pf3D7_09_v3	440088	+
Pf3D7_02_v3	871767	-
Pf3D7_11_v3	1017660	-
Pf3D7_06_v3	152464	+
Pf3D7_12_v3	45938	-
Pf3D7_02_v3	537367	+
Pf3D7_14_v3	2940001	-
Pf3D7_09_v3	1465160	-
Pf3D7_14_v3	890030	+
Pf3D7_10_v3	94471	-
Pf3D7_02_v3	783686	-
Pf3D7_13_v3	2113620	-
Pf3D7_12_v3	289832	+
Pf3D7_13_v3	1182370	+
Pf3D7_09_v3	607566	-
Pf3D7_12_v3	59770	+
Pf3D7_13_v3	2875766	-
Pf3D7_11_v3	1937235	+
Pf3D7_08_v3	241148	-
Pf3D7_12_v3	633368	+
Pf3D7_12_v3	844402	-
Pf3D7_14_v3	2451456	+
Pf3D7_08_v3	790717	+
Pf3D7_09_v3	531772	+
Pf3D7_13_v3	1845397	-
Pf3D7_10_v3	703324	+
Pf3D7_13_v3	77020	+
Pf3D7_09_v3	1339941	-
Pf3D7_05_v3	1270331	-
Pf3D7_13_v3	276014	-
Pf3D7_04_v3	458974	+
Pf3D7_05_v3	897167	+
Pf3D7_11_v3	1833738	-
Pf3D7_13_v3	326818	-
Pf3D7_14_v3	838745	+
Pf3D7_06_v3	1250240	-
Pf3D7_03_v3	1009401	+
Pf3D7_14_v3	2336548	-
Pf3D7_04_v3	1025065	+
Pf3D7_05_v3	861197	+
Pf3D7_07_v3	285325	-
Pf3D7_10_v3	1324037	+
Pf3D7_14_v3	558258	-
Pf3D7_13_v3	651531	-
Pf3D7_12_v3	1759686	+
Pf3D7_05_v3	318997	+
Pf3D7_08_v3	515715	-
Pf3D7_10_v3	142188	-
Pf3D7_04_v3	840697	+
Pf3D7_06_v3	1275663	-
Pf3D7_07_v3	670973	-
Pf3D7_04_v3	345206	+
Pf3D7_11_v3	96723	-
Pf3D7_12_v3	1682260	-
Pf3D7_02_v3	915718	-
Pf3D7_10_v3	203254	-
Pf3D7_13_v3	1198115	-
Pf3D7_13_v3	342268	-
Pf3D7_13_v3	1908910	+
Pf3D7_09_v3	1070559	-
Pf3D7_13_v3	2064217	-
Pf3D7_06_v3	480647	-
Pf3D7_08_v3	565189	-
Pf3D7_05_v3	355949	-
Pf3D7_09_v3	1445465	-
Pf3D7_08_v3	1292703	-
Pf3D7_06_v3	484762	-
Pf3D7_13_v3	447190	+
Pf3D7_07_v3	820738	-
Pf3D7_06_v3	1254518	-
Pf3D7_04_v3	450784	-
Pf3D7_09_v3	830732	+
Pf3D7_07_v3	560378	-
Pf3D7_08_v3	751638	-
Pf3D7_06_v3	369707	+
Pf3D7_13_v3	707099	+
Pf3D7_14_v3	1695683	-
Pf3D7_10_v3	553514	-
Pf3D7_12_v3	171471	+
Pf3D7_14_v3	198960	-
Pf3D7_14_v3	3274676	+
Pf3D7_11_v3	1498192	+
Pf3D7_14_v3	714001	-
Pf3D7_14_v3	1154071	-
Pf3D7_13_v3	1403372	+
Pf3D7_09_v3	1361028	+
Pf3D7_03_v3	273882	+
Pf3D7_01_v3	364424	+
Pf3D7_10_v3	116435	-
Pf3D7_10_v3	474630	-
Pf3D7_09_v3	97662	-
Pf3D7_11_v3	433666	+
Pf3D7_11_v3	118759	-
Pf3D7_13_v3	2431493	-
Pf3D7_03_v3	968142	-
Pf3D7_06_v3	91571	-
Pf3D7_13_v3	1428341	+
Pf3D7_13_v3	2717736	+
Pf3D7_14_v3	3219779	-
Pf3D7_14_v3	318963	+
Pf3D7_14_v3	714047	-
Pf3D7_07_v3	833073	-
Pf3D7_08_v3	1429189	-
Pf3D7_06_v3	1112989	+
Pf3D7_11_v3	1325455	-
Pf3D7_14_v3	1931503	+
Pf3D7_08_v3	161729	+
Pf3D7_11_v3	201061	+
Pf3D7_07_v3	390527	+
Pf3D7_05_v3	167550	+
Pf3D7_05_v3	811576	+
Pf3D7_02_v3	732869	+
Pf3D7_14_v3	2179273	+
Pf3D7_09_v3	38063	+
Pf3D7_13_v3	2368516	+
Pf3D7_12_v3	1064961	-
Pf3D7_05_v3	738652	-
Pf3D7_05_v3	331017	+
Pf3D7_13_v3	1842634	-
Pf3D7_06_v3	1043145	+
Pf3D7_14_v3	1282863	+
Pf3D7_04_v3	648852	+
Pf3D7_12_v3	979342	-
Pf3D7_13_v3	1899642	-
Pf3D7_06_v3	353620	+
Pf3D7_06_v3	1309887	-
Pf3D7_14_v3	2542400	+
Pf3D7_06_v3	1042476	-
Pf3D7_09_v3	636315	+
Pf3D7_09_v3	696729	+
Pf3D7_06_v3	764206	-
Pf3D7_13_v3	1028058	-
Pf3D7_13_v3	909794	+
Pf3D7_08_v3	948225	-
Pf3D7_13_v3	2392386	+
Pf3D7_05_v3	1196192	+
Pf3D7_01_v3	97522	-
Pf3D7_11_v3	516898	-
Pf3D7_14_v3	3208430	-
Pf3D7_02_v3	212952	+
Pf3D7_05_v3	1099725	+
Pf3D7_10_v3	1090996	+
Pf3D7_13_v3	1799847	+
Pf3D7_03_v3	470539	-
Pf3D7_08_v3	1349648	-
Pf3D7_13_v3	322829	-
Pf3D7_08_v3	804964	+
Pf3D7_05_v3	677483	+
Pf3D7_05_v3	815436	-
Pf3D7_09_v3	140770	+
Pf3D7_10_v3	162350	-
Pf3D7_14_v3	63159	-
Pf3D7_12_v3	160486	-
Pf3D7_12_v3	1305165	+
Pf3D7_14_v3	2983840	-
Pf3D7_09_v3	190822	+
Pf3D7_09_v3	42216	-
Pf3D7_14_v3	1545272	-
Pf3D7_06_v3	605737	+
Pf3D7_12_v3	2189784	+
Pf3D7_13_v3	500465	-
Pf3D7_03_v3	677260	-
Pf3D7_09_v3	1450812	-
Pf3D7_05_v3	954850	-
Pf3D7_05_v3	584440	-
Pf3D7_09_v3	1384037	+
Pf3D7_07_v3	232998	+
Pf3D7_13_v3	1522597	-
Pf3D7_14_v3	1129317	+
Pf3D7_13_v3	1641461	-
Pf3D7_06_v3	1076550	+
Pf3D7_06_v3	1283535	+
Pf3D7_06_v3	818892	+
Pf3D7_04_v3	555858	-
Pf3D7_14_v3	2043772	+
Pf3D7_08_v3	1435620	-
Pf3D7_06_v3	82038	+
Pf3D7_13_v3	2687490	+
Pf3D7_08_v3	1396930	-
Pf3D7_02_v3	126782	-
Pf3D7_04_v3	1169400	-
Pf3D7_12_v3	79524	-
Pf3D7_13_v3	1207766	+
Pf3D7_05_v3	1157262	-
Pf3D7_14_v3	1419372	+
Pf3D7_13_v3	2791274	-
Pf3D7_13_v3	2729198	-
Pf3D7_06_v3	140806	+
Pf3D7_02_v3	532200	+
Pf3D7_14_v3	209062	+
Pf3D7_07_v3	613812	-
Pf3D7_11_v3	1648070	-
Pf3D7_13_v3	644586	-
Pf3D7_04_v3	371516	-
Pf3D7_13_v3	1166946	-
Pf3D7_14_v3	1926726	+
Pf3D7_12_v3	2170394	+
Pf3D7_09_v3	895359	-
Pf3D7_14_v3	403010	+
Pf3D7_10_v3	1275857	-
Pf3D7_13_v3	254708	-
Pf3D7_13_v3	2057139	-
Pf3D7_13_v3	392584	+
Pf3D7_07_v3	166943	+
Pf3D7_04_v3	121899	-
Pf3D7_06_v3	444329	-
Pf3D7_10_v3	664808	-
Pf3D7_10_v3	700428	+
Pf3D7_11_v3	764808	+
Pf3D7_08_v3	1343152	-
Pf3D7_13_v3	1305779	-
Pf3D7_14_v3	1275599	+
Pf3D7_06_v3	624481	+
Pf3D7_13_v3	78128	-
Pf3D7_12_v3	980493	-
Pf3D7_10_v3	1184455	+
Pf3D7_05_v3	666993	+
Pf3D7_13_v3	1487916	+
Pf3D7_14_v3	2451623	-
Pf3D7_12_v3	2055088	-
Pf3D7_14_v3	1431859	+
Pf3D7_14_v3	3005106	+
Pf3D7_08_v3	362483	-
Pf3D7_12_v3	65884	+
Pf3D7_10_v3	71227	+
Pf3D7_14_v3	3074445	-
Pf3D7_03_v3	596439	-
Pf3D7_09_v3	209045	+
Pf3D7_14_v3	386676	+
Pf3D7_07_v3	83819	+
Pf3D7_13_v3	1321867	+
Pf3D7_08_v3	1024974	-
Pf3D7_14_v3	2903808	+
Pf3D7_14_v3	566711	-
Pf3D7_07_v3	522543	+
Pf3D7_13_v3	858902	+
Pf3D7_07_v3	1395502	-
Pf3D7_11_v3	1324572	-
Pf3D7_12_v3	554956	-
Pf3D7_13_v3	2247435	-
Pf3D7_01_v3	547396	-
Pf3D7_06_v3	24068	-
Pf3D7_12_v3	1824021	+
Pf3D7_11_v3	336817	+
Pf3D7_10_v3	498895	-
Pf3D7_02_v3	644590	-
Pf3D7_08_v3	277633	+
Pf3D7_14_v3	149184	-
Pf3D7_02_v3	61499	+
Pf3D7_08_v3	1356421	+
Pf3D7_14_v3	2075505	+
Pf3D7_02_v3	536186	-
Pf3D7_13_v3	401149	-
Pf3D7_06_v3	892980	+
Pf3D7_14_v3	190490	+
Pf3D7_13_v3	292426	+
Pf3D7_14_v3	609102	+
Pf3D7_05_v3	1288243	+
Pf3D7_10_v3	1358330	+
Pf3D7_13_v3	1133614	-
Pf3D7_06_v3	603346	+
Pf3D7_06_v3	247511	+
Pf3D7_01_v3	585266	+
Pf3D7_14_v3	2410180	+
Pf3D7_12_v3	1795031	-
Pf3D7_11_v3	2011898	+
Pf3D7_13_v3	234938	-
Pf3D7_10_v3	1361633	-
Pf3D7_10_v3	102829	+
Pf3D7_09_v3	1106192	+
Pf3D7_12_v3	97742	-
Pf3D7_05_v3	980665	+
Pf3D7_14_v3	659228	-
Pf3D7_13_v3	1841639	+
Pf3D7_08_v3	298342	-
Pf3D7_11_v3	672628	+
Pf3D7_04_v3	665778	+
Pf3D7_14_v3	2728723	+
Pf3D7_14_v3	1019872	-
Pf3D7_14_v3	1522054	+
Pf3D7_07_v3	1324231	-
Pf3D7_05_v3	145483	+
Pf3D7_05_v3	1170072	-
Pf3D7_03_v3	497049	+
Pf3D7_04_v3	159004	-
Pf3D7_03_v3	60613	+
Pf3D7_14_v3	3148668	-
Pf3D7_03_v3	99496	-
Pf3D7_04_v3	490282	-
Pf3D7_13_v3	2205735	-
Pf3D7_11_v3	708322	-
Pf3D7_13_v3	977263	-
Pf3D7_11_v3	1941329	+
Pf3D7_14_v3	546800	-
Pf3D7_12_v3	67760	+
Pf3D7_10_v3	1167558	-
Pf3D7_12_v3	1847144	-
Pf3D7_09_v3	1042924	+
Pf3D7_08_v3	204093	-
Pf3D7_09_v3	1451774	+
Pf3D7_05_v3	164978	-
Pf3D7_13_v3	1527916	+
Pf3D7_06_v3	963675	-
Pf3D7_04_v3	1004343	+
Pf3D7_06_v3	614712	-
Pf3D7_13_v3	2584551	+
Pf3D7_07_v3	1289638	+
Pf3D7_12_v3	1199972	-
Pf3D7_13_v3	2873214	-
Pf3D7_03_v3	181511	+
Pf3D7_13_v3	748098	+
Pf3D7_07_v3	656699	+
Pf3D7_05_v3	1297634	+
Pf3D7_12_v3	1280516	-
Pf3D7_14_v3	1191876	+
Pf3D7_07_v3	361725	-
Pf3D7_11_v3	446010	+
Pf3D7_07_v3	243723	+
Pf3D7_11_v3	141454	-
Pf3D7_11_v3	1727727	-
Pf3D7_11_v3	1430387	-
Pf3D7_11_v3	1759233	-
Pf3D7_04_v3	557169	-
Pf3D7_12_v3	1382830	+
Pf3D7_12_v3	902520	-
Pf3D7_12_v3	1091321	+
Pf3D7_03_v3	102646	-
Pf3D7_09_v3	1030679	+
Pf3D7_09_v3	126446	-
Pf3D7_03_v3	402393	+
Pf3D7_06_v3	65005	+
Pf3D7_09_v3	889942	+
Pf3D7_13_v3	215097	+
Pf3D7_06_v3	412042	-
Pf3D7_13_v3	2263003	+
Pf3D7_10_v3	1642055	-
Pf3D7_13_v3	652078	-
Pf3D7_10_v3	53651	+
Pf3D7_10_v3	589652	-
Pf3D7_11_v3	1675351	-
Pf3D7_14_v3	1653462	+
Pf3D7_10_v3	428197	+
Pf3D7_10_v3	1305581	+
Pf3D7_11_v3	1232643	-
Pf3D7_13_v3	88108	+
Pf3D7_03_v3	69286	+
Pf3D7_10_v3	983224	-
Pf3D7_10_v3	210135	-
Pf3D7_14_v3	1519380	+
Pf3D7_10_v3	450516	+
Pf3D7_09_v3	1451994	-
Pf3D7_14_v3	2476592	+
Pf3D7_09_v3	1121948	+
Pf3D7_05_v3	455184	-
Pf3D7_05_v3	1302952	-
Pf3D7_03_v3	611101	+
Pf3D7_01_v3	49756	-
Pf3D7_09_v3	675206	-
Pf3D7_13_v3	835959	+
Pf3D7_12_v3	2237617	+
Pf3D7_02_v3	74692	-
Pf3D7_11_v3	477238	-
Pf3D7_04_v3	1025439	-
Pf3D7_14_v3	1995831	-
Pf3D7_05_v3	112061	-
Pf3D7_11_v3	1830282	+
Pf3D7_07_v3	1156288	-
Pf3D7_12_v3	118457	+
Pf3D7_09_v3	207753	-
Pf3D7_13_v3	634555	+
Pf3D7_06_v3	245619	+
Pf3D7_14_v3	1084772	+
Pf3D7_10_v3	612413	-
Pf3D7_13_v3	528988	+
Pf3D7_13_v3	2768757	+
Pf3D7_14_v3	3275094	-
Pf3D7_06_v3	72611	+
Pf3D7_07_v3	134326	+
Pf3D7_06_v3	733647	+
Pf3D7_06_v3	994806	+
Pf3D7_11_v3	760559	-
Pf3D7_14_v3	3202436	+
Pf3D7_14_v3	3155148	-
Pf3D7_10_v3	1259820	-
Pf3D7_12_v3	75259	-
Pf3D7_14_v3	45915	+
Pf3D7_14_v3	1784331	+
Pf3D7_05_v3	1021187	-
Pf3D7_10_v3	1297794	-
Pf3D7_13_v3	2331785	-
Pf3D7_07_v3	561088	-
Pf3D7_09_v3	854758	+
Pf3D7_14_v3	3059189	+
Pf3D7_14_v3	3017936	+
Pf3D7_14_v3	1090251	-
Pf3D7_13_v3	1563440	+
Pf3D7_06_v3	1159605	-
Pf3D7_07_v3	992513	+
Pf3D7_11_v3	58592	+
Pf3D7_11_v3	268096	+
Pf3D7_10_v3	704299	+
Pf3D7_12_v3	25129	-
Pf3D7_09_v3	115972	-
Pf3D7_13_v3	373008	+
Pf3D7_07_v3	1348986	+
Pf3D7_07_v3	1295596	-
Pf3D7_04_v3	345591	+
Pf3D7_05_v3	678316	+
Pf3D7_13_v3	2785308	+
Pf3D7_09_v3	1024611	+
Pf3D7_06_v3	149982	+
Pf3D7_13_v3	631585	-
Pf3D7_11_v3	138449	-
Pf3D7_01_v3	486115	+
Pf3D7_07_v3	882319	-
Pf3D7_05_v3	364508	+
Pf3D7_12_v3	490165	+
Pf3D7_06_v3	1309919	+
Pf3D7_02_v3	846392	+
Pf3D7_02_v3	639891	+
Pf3D7_11_v3	744056	+
Pf3D7_01_v3	494870	-
Pf3D7_13_v3	2738456	-
Pf3D7_04_v3	1051191	-
Pf3D7_11_v3	1332703	+
Pf3D7_09_v3	980472	+
Pf3D7_09_v3	943718	+
Pf3D7_03_v3	69165	+
Pf3D7_13_v3	1641880	+
Pf3D7_14_v3	801330	+
Pf3D7_01_v3	255025	+
Pf3D7_05_v3	437135	-
Pf3D7_14_v3	1050045	+
Pf3D7_11_v3	88556	+
Pf3D7_04_v3	915947	+
Pf3D7_05_v3	1002165	-
Pf3D7_12_v3	582551	-
Pf3D7_12_v3	2113468	-
Pf3D7_11_v3	1162200	-
Pf3D7_14_v3	2266987	+
Pf3D7_10_v3	470440	-
Pf3D7_07_v3	500399	+
Pf3D7_10_v3	116086	+
Pf3D7_08_v3	536803	-
Pf3D7_06_v3	75911	-
Pf3D7_02_v3	410251	-
Pf3D7_08_v3	367797	+
Pf3D7_12_v3	1817312	-
Pf3D7_01_v3	430880	-
Pf3D7_09_v3	840509	+
Pf3D7_12_v3	197440	+
Pf3D7_11_v3	1437530	-
Pf3D7_13_v3	1046796	-
Pf3D7_13_v3	1813970	-
Pf3D7_12_v3	1824337	+
Pf3D7_03_v3	815112	-
Pf3D7_10_v3	82903	+
Pf3D7_11_v3	1260535	-
Pf3D7_06_v3	601800	+
Pf3D7_02_v3	313021	+
Pf3D7_06_v3	67458	+
Pf3D7_09_v3	1223696	-
Pf3D7_09_v3	250937	-
Pf3D7_05_v3	363290	+
Pf3D7_13_v3	2151113	-
Pf3D7_14_v3	1606518	+
Pf3D7_05_v3	975988	-
Pf3D7_14_v3	1681490	+
Pf3D7_01_v3	415401	+
Pf3D7_14_v3	1578000	-
Pf3D7_14_v3	2247226	+
Pf3D7_01_v3	278649	-
Pf3D7_13_v3	708267	+
Pf3D7_14_v3	2689030	+
Pf3D7_14_v3	1088112	+
Pf3D7_14_v3	2708810	+
Pf3D7_11_v3	103208	-
Pf3D7_03_v3	196432	-
Pf3D7_13_v3	2769826	-
Pf3D7_11_v3	1514204	-
Pf3D7_11_v3	1532978	+
Pf3D7_09_v3	337114	+
Pf3D7_11_v3	530943	+
Pf3D7_04_v3	1003949	-
Pf3D7_13_v3	116477	+
Pf3D7_03_v3	111825	+
Pf3D7_12_v3	2189847	+
Pf3D7_13_v3	2742288	-
Pf3D7_10_v3	54016	+
Pf3D7_10_v3	824992	+
Pf3D7_07_v3	757869	-
Pf3D7_14_v3	2649653	-
Pf3D7_12_v3	2231293	-
Pf3D7_08_v3	742950	+
Pf3D7_05_v3	316016	+
Pf3D7_06_v3	13707	-
Pf3D7_09_v3	1384462	-
Pf3D7_14_v3	2025919	+
Pf3D7_13_v3	33300	-
Pf3D7_05_v3	1257415	+
Pf3D7_14_v3	36345	+
Pf3D7_08_v3	946439	+
Pf3D7_13_v3	2794928	+
Pf3D7_06_v3	506369	+
Pf3D7_11_v3	1644202	+
Pf3D7_14_v3	1617911	+
Pf3D7_06_v3	903647	-
Pf3D7_12_v3	1374603	+
Pf3D7_14_v3	3105499	+
Pf3D7_04_v3	934327	+
Pf3D7_03_v3	459450	-
Pf3D7_12_v3	890454	+
Pf3D7_08_v3	62297	-
Pf3D7_03_v3	58926	-
Pf3D7_10_v3	90769	-
Pf3D7_13_v3	485739	-
Pf3D7_07_v3	99953	-
Pf3D7_07_v3	1371347	+
Pf3D7_13_v3	2671646	+
Pf3D7_10_v3	1120868	+
